Time,yPosition,yVelocity,yAcceleration
255.92458,578.13715,-0.12645914,0.0
503.49783,546.8292,-0.12645914,-3.6265492E-13
740.2368,516.8914,-0.12645914,-7.134757E-13
966.7617,488.24527,-0.12645914,-1.0489439E-12
1183.6473,460.8181,-0.12645914,-1.3699383E-12
1391.3732,434.5493,-0.12645914,-1.6772736E-12
1590.3455,409.38742,-0.12645914,-1.971629E-12
1780.9581,385.2827,-0.12645914,-2.2535804E-12
1963.728,362.1698,-0.12645914,-2.523686E-12
2139.0457,339.9993,-0.12645914,-2.7826777E-12
2307.278,318.72476,-0.12645914,-3.0311094E-12
2468.714,298.3097,-0.12645914,-3.2695014E-12
2623.7341,278.706,-0.12645914,-3.4982624E-12
2772.596,259.88104,-0.12645914,-3.7179318E-12
2915.6191,241.79445,-0.12645914,-3.9288746E-12
3053.0571,224.41415,-0.12645914,-4.131544E-12
3185.2632,207.69548,-0.12645914,-4.326299E-12
3312.4565,191.61072,-0.12645914,-4.51364E-12
3434.8542,176.13242,-0.12645914,-4.6938777E-12
3552.761,161.22202,-0.12645914,-4.86732E-12
3666.4067,146.85048,-0.12645914,-5.0343982E-12
3775.9656,132.99576,-0.12645914,-5.1954387E-12
3881.5967,119.63775,-0.12645914,-5.3506878E-12
3983.5957,106.73903,-0.12645914,-5.500371E-12
4082.0476,94.28888,-0.12645914,-5.6449077E-12
4177.2363,82.25137,-0.12645914,-5.7844176E-12
4269.297,70.609505,-0.12645914,-5.9193037E-12
4358.446,59.33579,-0.12645914,-6.049757E-12
4444.8374,48.410774,-0.12645914,-6.1760844E-12
4528.6206,37.815624,-0.12645914,-6.2985047E-12
4609.814,27.547958,-0.12645914,-6.4172287E-12
4688.5986,17.584917,-0.12645914,-6.532283E-12
4765.069,7.914564,-0.12645914,-6.6439237E-12
4839.357,-1.4798231,-0.12645914,-6.752285E-12
4911.489,-10.6015625,-0.12645914,-6.857554E-12
4981.665,-19.476013,-0.12645914,-6.9597674E-12
5049.9946,-28.116886,-0.12645914,-7.05921E-12
5116.488,-36.52558,-0.12645914,-7.1560357E-12
5181.2935,-44.72084,-0.12645914,-7.250259E-12
5244.4844,-52.71188,-0.12645914,-7.342091E-12
5306.123,-60.506657,-0.12645914,-7.431635E-12
5366.2837,-68.11452,-0.12645914,-7.518979E-12
5425.053,-75.54646,-0.12645914,-7.60423E-12
5482.477,-82.80824,-0.12645914,-7.687508E-12
5538.577,-89.9026,-0.12645914,-7.76888E-12
5593.5303,-96.85195,-0.12645914,-7.848376E-12
5647.3525,-103.65824,-0.12645914,-7.9262465E-12
5700.0063,-110.31679,-0.12645914,-8.0025144E-12
5751.6494,-116.84754,-0.12645914,-8.0771275E-12
5802.369,-123.26151,-0.12645914,-8.150308E-12
5852.2285,-129.5667,-0.12645914,-8.222179E-12
5901.159,-135.75443,-0.12645914,-8.292832E-12
5949.313,-141.8439,-0.12645914,-8.362169E-12
5996.7124,-147.83801,-0.12645914,-8.430404E-12
6043.329,-153.73312,-0.12645914,-8.497571E-12
6089.1787,-159.53122,-0.12645914,-8.563629E-12
6134.4097,-165.25107,-0.12645914,-8.6286E-12
6179.0107,-170.8913,-0.12645914,-8.692693E-12
6223.034,-176.45847,-0.12645914,-8.7558944E-12
6266.444,-181.94801,-0.12645914,-8.818278E-12
6309.2744,-187.36433,-0.12645914,-8.879791E-12
6351.576,-192.71379,-0.12645914,-8.940483E-12
6393.3486,-197.99629,-0.12645914,-9.000426E-12
6434.611,-203.2143,-0.12645914,-9.059619E-12
6475.511,-208.38654,-0.12645914,-9.11809E-12
6516.019,-213.5091,-0.12645914,-9.176047E-12
6556.056,-218.57213,-0.12645914,-9.233448E-12
6595.7974,-223.59778,-0.12645914,-9.290182E-12
6635.219,-228.58301,-0.12645914,-9.3464975E-12
6674.3076,-233.52611,-0.12645914,-9.40236E-12
6713.063,-238.4271,-0.12645914,-9.45775E-12
6751.5464,-243.29367,-0.12645914,-9.512667E-12
6789.8037,-248.13165,-0.12645914,-9.5671995E-12
6827.785,-252.93472,-0.12645914,-9.621411E-12
6865.5337,-257.70834,-0.12645914,-9.675233E-12
6903.025,-262.4495,-0.12645914,-9.728724E-12
6940.2886,-267.1618,-0.12645914,-9.781851E-12
6977.3726,-271.85144,-0.12645914,-9.834655E-12
7014.25,-276.5149,-0.12645914,-9.887204E-12
7050.9087,-281.1507,-0.12645914,-9.939461E-12
7087.4106,-285.76672,-0.12645914,-9.991407E-12
7123.738,-290.3606,-0.12645914,-1.0043132E-11
7159.888,-294.93213,-0.12645914,-1.0094609E-11
7195.9287,-299.48978,-0.12645914,-1.01458356E-11
7231.838,-304.03085,-0.12645914,-1.0196907E-11
7267.5635,-308.5487,-0.12645914,-1.0247791E-11
7303.113,-313.04425,-0.12645914,-1.0298416E-11
7338.5386,-317.52417,-0.12645914,-1.034879E-11
7373.755,-321.97757,-0.12645914,-1.039899E-11
7408.889,-326.42065,-0.12645914,-1.0448893E-11
7443.929,-330.85178,-0.12645914,-1.0498679E-11
7478.753,-335.25558,-0.12645914,-1.0548332E-11
7513.514,-339.65146,-0.12645914,-1.0597679E-11
7548.2026,-344.03812,-0.12645914,-1.0646937E-11
7582.781,-348.41086,-0.12645914,-1.0696092E-11
7617.2134,-352.7652,-0.12645914,-1.0745091E-11
7651.536,-357.10562,-0.12645914,-1.0793883E-11
7685.71,-361.42722,-0.12645914,-1.084252E-11
7719.8027,-365.73856,-0.12645914,-1.0890945E-11
7753.761,-370.03293,-0.12645914,-1.0939256E-11
7787.6216,-374.31485,-0.12645914,-1.0987376E-11
7821.414,-378.58823,-0.12645914,-1.10353575E-11
7855.184,-382.85876,-0.12645914,-1.1083243E-11
7888.9,-387.12244,-0.12645914,-1.1131096E-11
7922.5986,-391.38394,-0.12645914,-1.1178873E-11
7956.2207,-395.63574,-0.12645914,-1.12266255E-11
7989.7803,-399.87967,-0.12645914,-1.1274269E-11
8023.3315,-404.12256,-0.12645914,-1.13218246E-11
8056.8716,-408.36398,-0.12645914,-1.1369368E-11
8090.414,-412.60574,-0.12645914,-1.1416895E-11
8123.9365,-416.84497,-0.12645914,-1.1464427E-11
8157.475,-421.0862,-0.12645914,-1.15119286E-11
8191.0103,-425.32706,-0.12645914,-1.1559454E-11
8224.486,-429.56036,-0.12645914,-1.1606975E-11
8257.965,-433.79407,-0.12645914,-1.1654412E-11
8291.469,-438.031,-0.12645914,-1.1701852E-11
8324.934,-442.26297,-0.12645914,-1.1749328E-11
8358.366,-446.49088,-0.12645914,-1.1796749E-11
8391.779,-450.71622,-0.12645914,-1.1844125E-11
8425.148,-454.936,-0.12645914,-1.1891472E-11
8459.487,-459.2785,-0.12645914,-1.1938758E-11
8492.789,-463.4898,-0.12645914,-1.1987417E-11
8526.083,-467.70007,-0.12645914,-1.2034607E-11
8559.398,-471.91306,-0.12645914,-1.2081786E-11
8592.748,-476.1305,-0.12645914,-1.2128995E-11
8626.112,-480.34973,-0.12645914,-1.2176253E-11
8659.489,-484.57053,-0.12645914,-1.2223531E-11
8692.813,-488.7847,-0.12645914,-1.2270828E-11
8726.077,-492.99115,-0.12645914,-1.2318049E-11
8759.33,-497.19626,-0.12645914,-1.2365185E-11
8792.521,-501.3936,-0.12645914,-1.24123056E-11
8825.703,-505.5897,-0.12645914,-1.2459339E-11
8858.926,-509.79095,-0.12645914,-1.2506359E-11
8892.119,-513.9885,-0.12645914,-1.2553437E-11
8925.3,-518.1845,-0.12645914,-1.2600473E-11
8958.472,-522.3794,-0.12645914,-1.26474916E-11
8991.693,-526.58057,-0.12645914,-1.2694497E-11
9024.926,-530.78314,-0.12645914,-1.2741573E-11
9058.123,-534.9813,-0.12645914,-1.2788665E-11
9091.265,-539.17236,-0.12645914,-1.2835707E-11
9124.444,-543.3682,-0.12645914,-1.288267E-11
9157.567,-547.55695,-0.12645914,-1.2929687E-11
9190.713,-551.7485,-0.12645914,-1.2976623E-11
9223.794,-555.9318,-0.12645914,-1.3023592E-11
9256.839,-560.11066,-0.12645914,-1.3070469E-11
9289.897,-564.2912,-0.12645914,-1.3117295E-11
9322.916,-568.4667,-0.12645914,-1.316414E-11
9355.893,-572.63684,-0.12645914,-1.3210929E-11
9388.905,-576.81165,-0.12645914,-1.3257658E-11
9421.914,-580.9859,-0.12645914,-1.3304438E-11
9454.916,-585.1593,-0.12645914,-1.33512125E-11
9487.915,-589.3323,-0.12645914,-1.3397978E-11
9520.89,-593.50226,-0.12645914,-1.3444738E-11
9553.848,-597.6701,-0.12645914,-1.3491465E-11
9586.816,-601.8393,-0.12645914,-1.3538168E-11
9619.741,-606.0029,-0.12645914,-1.3584886E-11
9652.674,-610.1676,-0.12645914,-1.3631541E-11
9685.612,-614.33295,-0.12645914,-1.3678208E-11
9718.476,-618.4888,-0.12645914,-1.3724883E-11
9751.358,-622.64716,-0.12645914,-1.3771452E-11
9784.206,-626.80096,-0.12645914,-1.3818048E-11
9817.069,-630.9568,-0.12645914,-1.3864594E-11
9849.915,-635.1104,-0.12645914,-1.3911163E-11
9882.761,-639.26404,-0.12645914,-1.39577065E-11
9915.594,-643.41614,-0.12645914,-1.400425E-11
9948.43,-647.5686,-0.12645914,-1.4050776E-11
9981.236,-651.7173,-0.12645914,-1.4097306E-11
10014.047,-655.8665,-0.12645914,-1.4143794E-11
10046.87,-660.01733,-0.12645914,-1.4190288E-11
10079.688,-664.1676,-0.12645914,-1.4236799E-11
10112.506,-668.3177,-0.12645914,-1.4283305E-11
10145.288,-672.4633,-0.12645914,-1.4329808E-11
10178.128,-676.6162,-0.12645914,-1.43762615E-11
10210.986,-680.7714,-0.12645914,-1.4422797E-11
10243.844,-684.9265,-0.12645914,-1.4469358E-11
10276.752,-689.088,-0.12645914,-1.4515919E-11
10309.675,-693.2514,-0.12645914,-1.456255E-11
10342.572,-697.41156,-0.12645914,-1.4609204E-11
10375.438,-701.5678,-0.12645914,-1.465582E-11
10408.238,-705.71564,-0.12645914,-1.4702394E-11
10441.007,-709.8595,-0.12645914,-1.4748872E-11
10473.75,-714.0002,-0.12645914,-1.4795306E-11
10506.471,-718.13794,-0.12645914,-1.4841704E-11
10539.196,-722.2763,-0.12645914,-1.4888072E-11
10571.937,-726.4166,-0.12645914,-1.4934444E-11
10604.65,-730.5536,-0.12645914,-1.4980838E-11
10637.332,-734.6865,-0.12645914,-1.5027195E-11
10670.075,-738.8272,-0.12645914,-1.5073507E-11
10702.819,-742.968,-0.12645914,-1.5119905E-11
10735.507,-747.1016,-0.12645914,-1.5166304E-11
10768.202,-751.23627,-0.12645914,-1.5212625E-11
10800.929,-755.3748,-0.12645914,-1.5258954E-11
10833.629,-759.51,-0.12645914,-1.530533E-11
10866.292,-763.64056,-0.12645914,-1.5351666E-11
10899.0205,-767.77936,-0.12645914,-1.5397952E-11
10931.723,-771.9148,-0.12645914,-1.544433E-11
10964.384,-776.04504,-0.12645914,-1.549067E-11
10997.089,-780.18097,-0.12645914,-1.5536952E-11
11029.812,-784.31903,-0.12645914,-1.5583295E-11
11062.499,-788.4527,-0.12645914,-1.5629664E-11
11095.184,-792.586,-0.12645914,-1.5675985E-11
11127.868,-796.7193,-0.12645914,-1.57223E-11
11160.551,-800.8523,-0.12645914,-1.5768616E-11
11193.205,-804.9818,-0.12645914,-1.5814927E-11
11225.856,-809.11084,-0.12645914,-1.58612E-11
11258.536,-813.24347,-0.12645914,-1.5907468E-11
11291.17,-817.37024,-0.12645914,-1.5953776E-11
11323.78,-821.49414,-0.12645914,-1.6000019E-11
11356.353,-825.61316,-0.12645914,-1.604623E-11
11388.89,-829.72784,-0.12645914,-1.6092386E-11
11421.371,-833.83545,-0.12645914,-1.6138492E-11
11453.864,-837.94446,-0.12645914,-1.6184519E-11
11486.338,-842.0511,-0.12645914,-1.6230564E-11
11518.741,-846.14874,-0.12645914,-1.627658E-11
11551.13,-850.2445,-0.12645914,-1.6322497E-11
11583.535,-854.34247,-0.12645914,-1.6368393E-11
11615.953,-858.442,-0.12645914,-1.6414313E-11
11648.392,-862.5442,-0.12645914,-1.646025E-11
11680.876,-866.65216,-0.12645914,-1.6506217E-11
11713.399,-870.7651,-0.12645914,-1.6552247E-11
11745.838,-874.86725,-0.12645914,-1.6598336E-11
11778.302,-878.97266,-0.12645914,-1.6644302E-11
11810.806,-883.0831,-0.12645914,-1.6690304E-11
11843.367,-887.2008,-0.12645914,-1.6736364E-11
11875.981,-891.32513,-0.12645914,-1.6782504E-11
11908.527,-895.4408,-0.12645914,-1.682872E-11
11941.039,-899.55225,-0.12645914,-1.6874838E-11
11973.562,-903.66504,-0.12645914,-1.6920909E-11
12006.103,-907.78015,-0.12645914,-1.6966996E-11
12038.634,-911.89404,-0.12645914,-1.7013106E-11
12071.194,-916.0116,-0.12645914,-1.7059205E-11
12103.711,-920.1236,-0.12645914,-1.7105345E-11
12136.235,-924.23663,-0.12645914,-1.7151421E-11
12168.77,-928.35095,-0.12645914,-1.7197509E-11
12201.342,-932.47003,-0.12645914,-1.7243613E-11
12233.938,-936.59216,-0.12645914,-1.7289769E-11
12266.456,-940.7043,-0.12645914,-1.7335959E-11
12299.013,-944.82135,-0.12645914,-1.7382037E-11
12331.58,-948.9398,-0.12645914,-1.7428172E-11
12364.137,-953.0569,-0.12645914,-1.747432E-11
12396.738,-957.1797,-0.12645914,-1.7520456E-11
12429.403,-961.3105,-0.12645914,-1.7566653E-11
12462.068,-965.4412,-0.12645914,-1.761294E-11
12494.789,-969.57904,-0.12645914,-1.7659228E-11
12527.508,-973.7166,-0.12645914,-1.7705594E-11
12560.184,-977.8488,-0.12645914,-1.7751958E-11
12592.8955,-981.98553,-0.12645914,-1.7798261E-11
12625.58,-986.1188,-0.12645914,-1.7844615E-11
12658.307,-990.2573,-0.12645914,-1.789093E-11
12691.024,-994.3947,-0.12645914,-1.7937304E-11
12724.58,-998.6381,-0.12645914,-1.7983667E-11
12757.505,-1002.8017,-0.12645914,-1.8031217E-11
12790.44,-1006.9666,-0.12645914,-1.8077873E-11
12823.42,-1011.1372,-0.12645914,-1.8124544E-11
12856.373,-1015.30444,-0.12645914,-1.8171277E-11
12889.352,-1019.4749,-0.12645914,-1.8217972E-11
12922.214,-1023.6307,-0.12645914,-1.8264704E-11
12955.078,-1027.7867,-0.12645914,-1.8311271E-11
12987.9,-1031.9374,-0.12645914,-1.8357841E-11
13020.711,-1036.0865,-0.12645914,-1.8404351E-11
13053.518,-1040.2352,-0.12645914,-1.8450845E-11
13086.347,-1044.3867,-0.12645914,-1.8497334E-11
13119.092,-1048.5276,-0.12645914,-1.8543854E-11
13151.743,-1052.6566,-0.12645914,-1.8590254E-11
13184.377,-1056.7834,-0.12645914,-1.8636523E-11
13216.973,-1060.9054,-0.12645914,-1.8682767E-11
13249.585,-1065.0294,-0.12645914,-1.8728956E-11
13282.172,-1069.1503,-0.12645914,-1.8775169E-11
13314.665,-1073.2594,-0.12645914,-1.8821346E-11
13347.207,-1077.3746,-0.12645914,-1.886739E-11
13379.704,-1081.4841,-0.12645914,-1.8913503E-11
13412.13,-1085.5846,-0.12645914,-1.8959553E-11
13444.584,-1089.6886,-0.12645914,-1.9005502E-11
13477.038,-1093.7927,-0.12645914,-1.905149E-11
13509.447,-1097.8911,-0.12645914,-1.9097479E-11
13541.825,-1101.9856,-0.12645914,-1.9143404E-11
13574.17,-1106.0759,-0.12645914,-1.9189284E-11
13606.603,-1110.1772,-0.12645914,-1.9235119E-11
13639.096,-1114.2863,-0.12645914,-1.9281077E-11
13671.661,-1118.4044,-0.12645914,-1.932712E-11
13704.274,-1122.5286,-0.12645914,-1.9373267E-11
13736.846,-1126.6476,-0.12645914,-1.9419482E-11
13769.422,-1130.7671,-0.12645914,-1.9465636E-11
13801.918,-1134.8765,-0.12645914,-1.9511798E-11
13834.419,-1138.9866,-0.12645914,-1.9557847E-11
13866.9375,-1143.0989,-0.12645914,-1.9603902E-11
13899.453,-1147.2108,-0.12645914,-1.9649981E-11
13931.925,-1151.3171,-0.12645914,-1.9696057E-11
13964.428,-1155.4275,-0.12645914,-1.974207E-11
13997.036,-1159.5511,-0.12645914,-1.9788128E-11
14029.654,-1163.676,-0.12645914,-1.9834336E-11
14062.292,-1167.8035,-0.12645914,-1.9880557E-11
14094.984,-1171.9377,-0.12645914,-1.9926805E-11
14127.74,-1176.0801,-0.12645914,-1.9973133E-11
14160.492,-1180.2218,-0.12645914,-2.0019549E-11
14193.261,-1184.3657,-0.12645914,-2.006596E-11
14225.945,-1188.499,-0.12645914,-2.0112394E-11
14258.597,-1192.628,-0.12645914,-2.0158708E-11
14291.23,-1196.7549,-0.12645914,-2.0204977E-11
14323.827,-1200.8771,-0.12645914,-2.025122E-11
14356.385,-1204.9943,-0.12645914,-2.0297411E-11
14388.951,-1209.1127,-0.12645914,-2.0343546E-11
14421.453,-1213.2228,-0.12645914,-2.0389695E-11
14453.937,-1217.3307,-0.12645914,-2.043575E-11
14486.431,-1221.4398,-0.12645914,-2.0481781E-11
14518.877,-1225.543,-0.12645914,-2.0527826E-11
14551.342,-1229.6484,-0.12645914,-2.0573805E-11
14583.832,-1233.7571,-0.12645914,-2.0619808E-11
14616.293,-1237.8622,-0.12645914,-2.0665848E-11
14648.783,-1241.971,-0.12645914,-2.0711847E-11
14681.3125,-1246.0846,-0.12645914,-2.0757887E-11
14713.804,-1250.1934,-0.12645914,-2.0803982E-11
14746.306,-1254.3036,-0.12645914,-2.0850023E-11
14778.756,-1258.4072,-0.12645914,-2.089608E-11
14811.236,-1262.5146,-0.12645914,-2.0942062E-11
14843.751,-1266.6265,-0.12645914,-2.0988088E-11
14876.277,-1270.7396,-0.12645914,-2.1034162E-11
14908.812,-1274.8539,-0.12645914,-2.1080254E-11
14941.345,-1278.968,-0.12645914,-2.1126356E-11
14973.84,-1283.0773,-0.12645914,-2.1172458E-11
15006.359,-1287.1897,-0.12645914,-2.1218504E-11
15038.8955,-1291.3041,-0.12645914,-2.1264586E-11
15071.444,-1295.4202,-0.12645914,-2.1310691E-11
15103.928,-1299.528,-0.12645914,-2.1356814E-11
15136.463,-1303.6423,-0.12645914,-2.1402843E-11
15169.015,-1307.7589,-0.12645914,-2.1448947E-11
15201.574,-1311.8765,-0.12645914,-2.1495075E-11
15234.156,-1315.9968,-0.12645914,-2.1541212E-11
15266.719,-1320.1146,-0.12645914,-2.1587383E-11
15299.249,-1324.2284,-0.12645914,-2.1633525E-11
15331.792,-1328.3438,-0.12645914,-2.1679622E-11
15364.425,-1332.4705,-0.12645914,-2.1725736E-11
15397.026,-1336.5933,-0.12645914,-2.1771978E-11
15429.643,-1340.7179,-0.12645914,-2.1818176E-11
15462.229,-1344.8387,-0.12645914,-2.1864394E-11
15494.784,-1348.9557,-0.12645914,-2.1910569E-11
15527.325,-1353.0708,-0.12645914,-2.1956702E-11
15559.768,-1357.1735,-0.12645914,-2.2002815E-11
15592.191,-1361.2738,-0.12645914,-2.2048786E-11
15624.644,-1365.3777,-0.12645914,-2.2094732E-11
15657.074,-1369.4789,-0.12645914,-2.2140718E-11
15689.496,-1373.579,-0.12645914,-2.2186673E-11
15721.851,-1377.6705,-0.12645914,-2.2232617E-11
15754.222,-1381.7642,-0.12645914,-2.2278464E-11
15786.565,-1385.8544,-0.12645914,-2.2324335E-11
15818.889,-1389.942,-0.12645914,-2.2370166E-11
15851.196,-1394.0277,-0.12645914,-2.241597E-11
15883.442,-1398.1056,-0.12645914,-2.2461751E-11
15915.746,-1402.1907,-0.12645914,-2.2507446E-11
15947.984,-1406.2675,-0.12645914,-2.2553221E-11
15980.245,-1410.3472,-0.12645914,-2.2598904E-11
16012.529,-1414.4298,-0.12645914,-2.2644619E-11
16044.81,-1418.512,-0.12645914,-2.2690367E-11
16077.122,-1422.5983,-0.12645914,-2.273611E-11
16109.452,-1426.6866,-0.12645914,-2.2781898E-11
16141.716,-1430.7666,-0.12645914,-2.282771E-11
16174.0,-1434.8491,-0.12645914,-2.2873429E-11
16206.318,-1438.9362,-0.12645914,-2.2919177E-11
16238.664,-1443.0265,-0.12645914,-2.2964974E-11
16270.983,-1447.1135,-0.12645914,-2.3010809E-11
16303.278,-1451.1975,-0.12645914,-2.3056605E-11
16335.6455,-1455.2906,-0.12645914,-2.3102369E-11
16368.045,-1459.3878,-0.12645914,-2.3148235E-11
16400.434,-1463.4836,-0.12645914,-2.3194146E-11
16432.78,-1467.574,-0.12645914,-2.3240042E-11
16465.111,-1471.6627,-0.12645914,-2.3285877E-11
16497.463,-1475.754,-0.12645914,-2.3331692E-11
16529.8,-1479.8434,-0.12645914,-2.3377536E-11
16562.139,-1483.9327,-0.12645914,-2.342336E-11
16594.498,-1488.0249,-0.12645914,-2.3469185E-11
16626.846,-1492.1156,-0.12645914,-2.3515039E-11
16659.145,-1496.2002,-0.12645914,-2.3560877E-11
16691.441,-1500.2844,-0.12645914,-2.3606644E-11
16723.78,-1504.3739,-0.12645914,-2.3652412E-11
16756.133,-1508.4655,-0.12645914,-2.3698234E-11
16788.514,-1512.5603,-0.12645914,-2.3744081E-11
16820.83,-1516.647,-0.12645914,-2.3789967E-11
16853.14,-1520.7328,-0.12645914,-2.383576E-11
16885.473,-1524.8215,-0.12645914,-2.3881544E-11
16917.756,-1528.904,-0.12645914,-2.392736E-11
16950.023,-1532.9846,-0.12645914,-2.3973108E-11
16982.324,-1537.0692,-0.12645914,-2.4018832E-11
17014.604,-1541.1514,-0.12645914,-2.4064603E-11
17046.965,-1545.2439,-0.12645914,-2.4110344E-11
17079.39,-1549.3445,-0.12645914,-2.4156201E-11
17111.764,-1553.4384,-0.12645914,-2.420215E-11
17144.152,-1557.5342,-0.12645914,-2.4248024E-11
17176.557,-1561.632,-0.12645914,-2.429392E-11
17208.953,-1565.7289,-0.12645914,-2.4339837E-11
17241.41,-1569.8333,-0.12645914,-2.4385745E-11
17273.889,-1573.9404,-0.12645914,-2.4431738E-11
17306.389,-1578.0504,-0.12645914,-2.4477762E-11
17338.84,-1582.1542,-0.12645914,-2.4523815E-11
17371.318,-1586.2614,-0.12645914,-2.45698E-11
17403.809,-1590.3701,-0.12645914,-2.4615823E-11
17436.322,-1594.4817,-0.12645914,-2.4661863E-11
17468.887,-1598.5999,-0.12645914,-2.4707935E-11
17501.404,-1602.712,-0.12645914,-2.475408E-11
17533.883,-1606.8193,-0.12645914,-2.480016E-11
17566.385,-1610.9296,-0.12645914,-2.4846182E-11
17598.926,-1615.0447,-0.12645914,-2.489224E-11
17631.49,-1619.1627,-0.12645914,-2.4938352E-11
17663.988,-1623.2725,-0.12645914,-2.4984497E-11
17696.47,-1627.3801,-0.12645914,-2.5030547E-11
17728.973,-1631.4904,-0.12645914,-2.5076576E-11
17761.504,-1635.6042,-0.12645914,-2.5122633E-11
17793.99,-1639.7123,-0.12645914,-2.516873E-11
17826.438,-1643.8156,-0.12645914,-2.5214764E-11
17858.844,-1647.9137,-0.12645914,-2.5260745E-11
17891.312,-1652.0198,-0.12645914,-2.5306665E-11
17923.818,-1656.1305,-0.12645914,-2.5352675E-11
17956.354,-1660.2449,-0.12645914,-2.5398737E-11
17988.916,-1664.3627,-0.12645914,-2.544484E-11
18021.424,-1668.4736,-0.12645914,-2.5490983E-11
18053.965,-1672.5889,-0.12645914,-2.5537046E-11
18086.465,-1676.6987,-0.12645914,-2.5583159E-11
18118.98,-1680.8105,-0.12645914,-2.5629212E-11
18151.516,-1684.9248,-0.12645914,-2.5675288E-11
18184.057,-1689.0399,-0.12645914,-2.5721392E-11
18216.656,-1693.1625,-0.12645914,-2.5767504E-11
18249.299,-1697.2905,-0.12645914,-2.5813698E-11
18281.965,-1701.4215,-0.12645914,-2.5859955E-11
18314.605,-1705.5493,-0.12645914,-2.5906244E-11
18347.264,-1709.6791,-0.12645914,-2.5952497E-11
18379.871,-1713.8026,-0.12645914,-2.5998774E-11
18412.445,-1717.922,-0.12645914,-2.604498E-11
18445.014,-1722.0406,-0.12645914,-2.609114E-11
18477.555,-1726.1556,-0.12645914,-2.613729E-11
18510.096,-1730.2706,-0.12645914,-2.6183403E-11
18542.652,-1734.3878,-0.12645914,-2.6229513E-11
18575.219,-1738.5061,-0.12645914,-2.6275648E-11
18607.793,-1742.6255,-0.12645914,-2.6321795E-11
18640.428,-1746.7524,-0.12645914,-2.6367955E-11
18673.04,-1750.8765,-0.12645914,-2.6414199E-11
18705.715,-1755.0088,-0.12645914,-2.646041E-11
18738.39,-1759.1409,-0.12645914,-2.6506713E-11
18771.045,-1763.2703,-0.12645914,-2.6553017E-11
18803.68,-1767.3972,-0.12645914,-2.6599289E-11
18836.316,-1771.5243,-0.12645914,-2.6645533E-11
18868.959,-1775.6522,-0.12645914,-2.669178E-11
18901.594,-1779.7793,-0.12645914,-2.6738037E-11
18934.176,-1783.8997,-0.12645914,-2.6784281E-11
18966.672,-1788.0092,-0.12645914,-2.6830451E-11
18999.152,-1792.1166,-0.12645914,-2.68765E-11
19031.682,-1796.2301,-0.12645914,-2.6922527E-11
19064.129,-1800.3335,-0.12645914,-2.6968622E-11
19096.611,-1804.4412,-0.12645914,-2.70146E-11
19129.072,-1808.5461,-0.12645914,-2.706063E-11
19161.543,-1812.6523,-0.12645914,-2.7106628E-11
19194.057,-1816.7642,-0.12645914,-2.715264E-11
19226.555,-1820.8738,-0.12645914,-2.7198712E-11
19258.986,-1824.975,-0.12645914,-2.7244764E-11
19291.4,-1829.074,-0.12645914,-2.729072E-11
19323.807,-1833.1721,-0.12645914,-2.7336652E-11
19356.207,-1837.2694,-0.12645914,-2.7382574E-11
19388.572,-1841.3624,-0.12645914,-2.7428487E-11
19420.984,-1845.4612,-0.12645914,-2.747435E-11
19453.406,-1849.5612,-0.12645914,-2.7520278E-11
19485.78,-1853.655,-0.12645914,-2.7566222E-11
19518.168,-1857.751,-0.12645914,-2.7612095E-11
19550.523,-1861.8427,-0.12645914,-2.765799E-11
19582.908,-1865.938,-0.12645914,-2.770384E-11
19615.31,-1870.0356,-0.12645914,-2.774973E-11
19647.736,-1874.1361,-0.12645914,-2.7795646E-11
19680.182,-1878.2391,-0.12645914,-2.7841594E-11
19712.678,-1882.3485,-0.12645914,-2.788757E-11
19745.098,-1886.4482,-0.12645914,-2.7933619E-11
19777.488,-1890.5443,-0.12645914,-2.797956E-11
19809.82,-1894.6329,-0.12645914,-2.8025457E-11
19842.195,-1898.7272,-0.12645914,-2.8071273E-11
19874.549,-1902.8185,-0.12645914,-2.811715E-11
19906.883,-1906.9075,-0.12645914,-2.8162996E-11
19939.215,-1910.9962,-0.12645914,-2.8208815E-11
19971.496,-1915.0786,-0.12645914,-2.825463E-11
20003.793,-1919.1628,-0.12645914,-2.8300374E-11
20036.021,-1923.2384,-0.12645914,-2.834614E-11
20068.28,-1927.3179,-0.12645914,-2.839181E-11
20100.52,-1931.3949,-0.12645914,-2.843752E-11
20132.81,-1935.4784,-0.12645914,-2.8483205E-11
20165.041,-1939.5542,-0.12645914,-2.8528962E-11
20197.262,-1943.6288,-0.12645914,-2.8574634E-11
20229.512,-1947.7072,-0.12645914,-2.8620292E-11
20261.719,-1951.7799,-0.12645914,-2.8665991E-11
20293.914,-1955.8512,-0.12645914,-2.871163E-11
20326.166,-1959.9298,-0.12645914,-2.8757254E-11
20358.418,-1964.0083,-0.12645914,-2.8802955E-11
20390.627,-1968.0813,-0.12645914,-2.8848658E-11
20422.861,-1972.1577,-0.12645914,-2.8894298E-11
20455.066,-1976.2303,-0.12645914,-2.8939975E-11
20487.334,-1980.3109,-0.12645914,-2.8985613E-11
20519.627,-1984.3947,-0.12645914,-2.9031336E-11
20551.932,-1988.48,-0.12645914,-2.9077097E-11
20584.178,-1992.5577,-0.12645914,-2.9122874E-11
20616.451,-1996.6392,-0.12645914,-2.9168567E-11
20648.738,-2000.7222,-0.12645914,-2.92143E-11
20681.049,-2004.8082,-0.12645914,-2.9260053E-11
20713.348,-2008.8927,-0.12645914,-2.930584E-11
20745.652,-2012.9779,-0.12645914,-2.9351604E-11
20777.975,-2017.0654,-0.12645914,-2.9397384E-11
20810.367,-2021.1619,-0.12645914,-2.9443184E-11
20842.828,-2025.2667,-0.12645914,-2.9489088E-11
20875.303,-2029.3735,-0.12645914,-2.9535086E-11
20907.79,-2033.4816,-0.12645914,-2.95811E-11
20940.26,-2037.5876,-0.12645914,-2.9627138E-11
20972.705,-2041.6907,-0.12645914,-2.967315E-11
21005.15,-2045.7936,-0.12645914,-2.9719126E-11
21037.578,-2049.8943,-0.12645914,-2.97651E-11
21069.922,-2053.9846,-0.12645914,-2.9811053E-11
21102.252,-2058.073,-0.12645914,-2.9856884E-11
21134.633,-2062.1677,-0.12645914,-2.99027E-11
21166.979,-2066.258,-0.12645914,-2.9948582E-11
21199.37,-2070.3542,-0.12645914,-2.999442E-11
21231.76,-2074.4504,-0.12645914,-3.0040317E-11
21264.145,-2078.546,-0.12645914,-3.0086215E-11
21296.527,-2082.6409,-0.12645914,-3.0132105E-11
21328.805,-2086.7227,-0.12645914,-3.0177996E-11
21361.098,-2090.8064,-0.12645914,-3.0223733E-11
21393.467,-2094.9,-0.12645914,-3.0269492E-11
21425.871,-2098.9976,-0.12645914,-3.031536E-11
21458.28,-2103.0957,-0.12645914,-3.036128E-11
21490.738,-2107.2004,-0.12645914,-3.0407205E-11
21523.234,-2111.3098,-0.12645914,-3.04532E-11
21555.758,-2115.4226,-0.12645914,-3.0499245E-11
21588.258,-2119.5325,-0.12645914,-3.0545334E-11
21620.771,-2123.6443,-0.12645914,-3.0591387E-11
21653.291,-2127.7566,-0.12645914,-3.063746E-11
21685.791,-2131.8665,-0.12645914,-3.0683543E-11
21718.305,-2135.9783,-0.12645914,-3.0729596E-11
21750.85,-2140.094,-0.12645914,-3.077567E-11
21783.393,-2144.2092,-0.12645914,-3.0821786E-11
21815.879,-2148.3174,-0.12645914,-3.0867902E-11
21848.299,-2152.4172,-0.12645914,-3.0913935E-11
21880.736,-2156.5193,-0.12645914,-3.0959877E-11
21913.117,-2160.614,-0.12645914,-3.100584E-11
21945.58,-2164.7192,-0.12645914,-3.1051727E-11
21978.012,-2168.8206,-0.12645914,-3.1097725E-11
22010.459,-2172.9238,-0.12645914,-3.1143685E-11
22042.93,-2177.03,-0.12645914,-3.1189662E-11
22075.373,-2181.1328,-0.12645914,-3.1235674E-11
22107.75,-2185.227,-0.12645914,-3.1281647E-11
22140.146,-2189.324,-0.12645914,-3.1327527E-11
22172.559,-2193.4226,-0.12645914,-3.1373435E-11
22204.98,-2197.5227,-0.12645914,-3.1419364E-11
22237.465,-2201.6306,-0.12645914,-3.1465306E-11
22269.969,-2205.741,-0.12645914,-3.151134E-11
22302.473,-2209.8513,-0.12645914,-3.15574E-11
22335.084,-2213.9753,-0.12645914,-3.1603456E-11
22367.709,-2218.101,-0.12645914,-3.164967E-11
22400.307,-2222.2234,-0.12645914,-3.16959E-11
22432.86,-2226.34,-0.12645914,-3.174209E-11
22465.393,-2230.454,-0.12645914,-3.178822E-11
22497.863,-2234.5603,-0.12645914,-3.183432E-11
22530.352,-2238.669,-0.12645914,-3.188033E-11
22562.83,-2242.7761,-0.12645914,-3.192637E-11
22595.236,-2246.8743,-0.12645914,-3.1972393E-11
22627.676,-2250.9763,-0.12645914,-3.2018315E-11
22660.217,-2255.0913,-0.12645914,-3.2064282E-11
22692.674,-2259.1958,-0.12645914,-3.2110394E-11
22725.086,-2263.2947,-0.12645914,-3.215639E-11
22757.52,-2267.3962,-0.12645914,-3.2202317E-11
22789.93,-2271.4949,-0.12645914,-3.2248277E-11
22822.309,-2275.5894,-0.12645914,-3.2294202E-11
22854.723,-2279.6882,-0.12645914,-3.2340085E-11
22887.148,-2283.7888,-0.12645914,-3.2386017E-11
22919.584,-2287.8904,-0.12645914,-3.2431963E-11
22952.041,-2291.9949,-0.12645914,-3.2477927E-11
22984.514,-2296.1013,-0.12645914,-3.252392E-11
23016.947,-2300.203,-0.12645914,-3.2569936E-11
23049.385,-2304.305,-0.12645914,-3.2615896E-11
23081.75,-2308.398,-0.12645914,-3.266186E-11
23114.12,-2312.4912,-0.12645914,-3.2707722E-11
23146.492,-2316.585,-0.12645914,-3.275359E-11
23178.879,-2320.6807,-0.12645914,-3.2799465E-11
23211.334,-2324.785,-0.12645914,-3.284536E-11
23243.803,-2328.8909,-0.12645914,-3.289135E-11
23276.264,-2332.9958,-0.12645914,-3.2937358E-11
23308.705,-2337.0984,-0.12645914,-3.2983356E-11
23341.18,-2341.205,-0.12645914,-3.3029326E-11
23373.652,-2345.3115,-0.12645914,-3.3075345E-11
23406.168,-2349.4233,-0.12645914,-3.312136E-11
23438.682,-2353.5352,-0.12645914,-3.3167434E-11
23471.223,-2357.6501,-0.12645914,-3.321351E-11
23503.684,-2361.7551,-0.12645914,-3.325962E-11
23536.154,-2365.8613,-0.12645914,-3.330562E-11
23568.621,-2369.967,-0.12645914,-3.335163E-11
23601.098,-2374.074,-0.12645914,-3.339764E-11
23633.6,-2378.184,-0.12645914,-3.3443658E-11
23666.031,-2382.2854,-0.12645914,-3.3489714E-11
23698.49,-2386.3901,-0.12645914,-3.353567E-11
23730.965,-2390.4968,-0.12645914,-3.358167E-11
23763.496,-2394.6108,-0.12645914,-3.3627684E-11
23795.996,-2398.7207,-0.12645914,-3.3673783E-11
23828.496,-2402.8306,-0.12645914,-3.3719836E-11
23860.988,-2406.9395,-0.12645914,-3.376589E-11
23893.477,-2411.0479,-0.12645914,-3.3811932E-11
23926.002,-2415.161,-0.12645914,-3.3857972E-11
23958.438,-2419.2627,-0.12645914,-3.390406E-11
23990.873,-2423.3645,-0.12645914,-3.3950023E-11
24023.27,-2427.4612,-0.12645914,-3.3995987E-11
24055.678,-2431.5593,-0.12645914,-3.404189E-11
24088.055,-2435.6538,-0.12645914,-3.4087816E-11
24120.467,-2439.7527,-0.12645914,-3.4133696E-11
24152.896,-2443.8538,-0.12645914,-3.4179624E-11
24185.32,-2447.954,-0.12645914,-3.4225577E-11
24217.73,-2452.0525,-0.12645914,-3.4271523E-11
24250.13,-2456.15,-0.12645914,-3.431745E-11
24282.654,-2460.2627,-0.12645914,-3.4363363E-11
24315.186,-2464.3767,-0.12645914,-3.440945E-11
24347.646,-2468.4817,-0.12645914,-3.445555E-11
24380.13,-2472.5898,-0.12645914,-3.4501547E-11
24412.623,-2476.6987,-0.12645914,-3.4547577E-11
24445.133,-2480.8098,-0.12645914,-3.459362E-11
24477.66,-2484.923,-0.12645914,-3.4639687E-11
24510.197,-2489.0378,-0.12645914,-3.4685782E-11
24542.748,-2493.1543,-0.12645914,-3.4731888E-11
24575.266,-2497.2664,-0.12645914,-3.4778014E-11
24607.79,-2501.3794,-0.12645914,-3.482409E-11
24640.312,-2505.4922,-0.12645914,-3.487018E-11
24672.86,-2509.6082,-0.12645914,-3.4916264E-11
24705.418,-2513.7256,-0.12645914,-3.4962387E-11
24737.951,-2517.8396,-0.12645914,-3.5008524E-11
24770.514,-2521.9575,-0.12645914,-3.5054622E-11
24803.064,-2526.074,-0.12645914,-3.5100766E-11
24835.627,-2530.192,-0.12645914,-3.5146892E-11
24868.248,-2534.3171,-0.12645914,-3.5193033E-11
24900.879,-2538.4436,-0.12645914,-3.523926E-11
24933.508,-2542.5698,-0.12645914,-3.5285497E-11
24966.148,-2546.6975,-0.12645914,-3.5331734E-11
24998.824,-2550.8296,-0.12645914,-3.537799E-11
25031.465,-2554.9573,-0.12645914,-3.5424292E-11
25064.064,-2559.0798,-0.12645914,-3.5470543E-11
25096.717,-2563.209,-0.12645914,-3.551674E-11
25129.4,-2567.3423,-0.12645914,-3.5563007E-11
25162.086,-2571.4758,-0.12645914,-3.560932E-11
25194.754,-2575.607,-0.12645914,-3.5655638E-11
25227.426,-2579.7385,-0.12645914,-3.570193E-11
25260.115,-2583.8723,-0.12645914,-3.5748227E-11
25292.814,-2588.0076,-0.12645914,-3.579455E-11
25325.44,-2592.1333,-0.12645914,-3.5840886E-11
25357.996,-2596.2505,-0.12645914,-3.5887116E-11
25390.584,-2600.3716,-0.12645914,-3.593325E-11
25423.184,-2604.4941,-0.12645914,-3.5979428E-11
25455.814,-2608.6206,-0.12645914,-3.6025623E-11
25488.498,-2612.754,-0.12645914,-3.6071864E-11
25521.084,-2616.8745,-0.12645914,-3.6118178E-11
25553.63,-2620.9905,-0.12645914,-3.6164353E-11
25586.258,-2625.1165,-0.12645914,-3.6210472E-11
25618.904,-2629.2449,-0.12645914,-3.6256706E-11
25651.504,-2633.3674,-0.12645914,-3.6302968E-11
25684.082,-2637.4873,-0.12645914,-3.6349163E-11
25716.625,-2641.6025,-0.12645914,-3.6395328E-11
25749.197,-2645.7214,-0.12645914,-3.644144E-11
25781.793,-2649.8435,-0.12645914,-3.6487598E-11
25814.42,-2653.9695,-0.12645914,-3.6533786E-11
25847.01,-2658.0908,-0.12645914,-3.658002E-11
25879.615,-2662.2139,-0.12645914,-3.6626202E-11
25912.191,-2666.3335,-0.12645914,-3.6672405E-11
25944.793,-2670.4563,-0.12645914,-3.6718566E-11
25977.428,-2674.5833,-0.12645914,-3.6764765E-11
26010.02,-2678.7046,-0.12645914,-3.681101E-11
26042.629,-2682.8284,-0.12645914,-3.6857194E-11
26075.25,-2686.9536,-0.12645914,-3.69034E-11
26107.87,-2691.0786,-0.12645914,-3.6949627E-11
26140.48,-2695.2026,-0.12645914,-3.699585E-11
26173.094,-2699.327,-0.12645914,-3.704206E-11
26205.725,-2703.4534,-0.12645914,-3.7088277E-11
26238.459,-2707.593,-0.12645914,-3.7134514E-11
26271.186,-2711.7317,-0.12645914,-3.71809E-11
26303.887,-2715.867,-0.12645914,-3.7227277E-11
26336.541,-2719.9963,-0.12645914,-3.7273615E-11
26369.229,-2724.13,-0.12645914,-3.7319887E-11
26401.908,-2728.2625,-0.12645914,-3.7366207E-11
26434.557,-2732.391,-0.12645914,-3.7412514E-11
26467.236,-2736.5237,-0.12645914,-3.745878E-11
26499.816,-2740.6438,-0.12645914,-3.7505086E-11
26532.38,-2744.762,-0.12645914,-3.7551254E-11
26564.889,-2748.873,-0.12645914,-3.7597397E-11
26597.373,-2752.981,-0.12645914,-3.7643465E-11
26629.846,-2757.0874,-0.12645914,-3.7689494E-11
26662.348,-2761.1975,-0.12645914,-3.773551E-11
26694.84,-2765.3064,-0.12645914,-3.7781566E-11
26727.375,-2769.421,-0.12645914,-3.782761E-11
26759.922,-2773.5366,-0.12645914,-3.7873715E-11
26792.475,-2777.6533,-0.12645914,-3.7919834E-11
26825.057,-2781.7737,-0.12645914,-3.796596E-11
26857.652,-2785.8958,-0.12645914,-3.801213E-11
26890.238,-2790.0166,-0.12645914,-3.805832E-11
26922.838,-2794.139,-0.12645914,-3.8104495E-11
26955.414,-2798.2585,-0.12645914,-3.815069E-11
26988.021,-2802.382,-0.12645914,-3.8196852E-11
27020.63,-2806.5059,-0.12645914,-3.8243058E-11
27053.299,-2810.637,-0.12645914,-3.8289268E-11
27085.934,-2814.764,-0.12645914,-3.833556E-11
27118.564,-2818.8904,-0.12645914,-3.8381805E-11
27151.193,-2823.0166,-0.12645914,-3.8428042E-11
27183.846,-2827.146,-0.12645914,-3.847428E-11
27216.516,-2831.2773,-0.12645914,-3.8520548E-11
27249.098,-2835.3977,-0.12645914,-3.8566844E-11
27281.688,-2839.519,-0.12645914,-3.8613016E-11
27314.254,-2843.6375,-0.12645914,-3.8659194E-11
27346.79,-2847.752,-0.12645914,-3.8705344E-11
27379.264,-2851.8586,-0.12645914,-3.8751446E-11
27411.783,-2855.971,-0.12645914,-3.8797465E-11
27444.299,-2860.0828,-0.12645914,-3.8843546E-11
27476.885,-2864.2036,-0.12645914,-3.888962E-11
27509.477,-2868.3252,-0.12645914,-3.8935796E-11
27542.053,-2872.4448,-0.12645914,-3.898198E-11
27574.648,-2876.567,-0.12645914,-3.9028142E-11
27607.31,-2880.6975,-0.12645914,-3.907433E-11
27640.037,-2884.836,-0.12645914,-3.9120616E-11
27672.785,-2888.9773,-0.12645914,-3.916699E-11
27705.549,-2893.1206,-0.12645914,-3.9213396E-11
27738.328,-2897.2659,-0.12645914,-3.925982E-11
27771.127,-2901.4136,-0.12645914,-3.9306274E-11
27803.93,-2905.5618,-0.12645914,-3.935275E-11
27836.703,-2909.7063,-0.12645914,-3.9399234E-11
27869.48,-2913.8513,-0.12645914,-3.9445672E-11
27902.26,-2917.9966,-0.12645914,-3.949212E-11
27935.014,-2922.1387,-0.12645914,-3.953857E-11
27967.777,-2926.282,-0.12645914,-3.9584985E-11
28000.56,-2930.4277,-0.12645914,-3.963141E-11
28033.36,-2934.5754,-0.12645914,-3.9677865E-11
28066.166,-2938.724,-0.12645914,-3.9724342E-11
28098.975,-2942.873,-0.12645914,-3.9770832E-11
28131.777,-2947.0212,-0.12645914,-3.9817323E-11
28164.549,-2951.1655,-0.12645914,-3.9863803E-11
28197.283,-2955.3052,-0.12645914,-3.9910242E-11
28230.033,-2959.4468,-0.12645914,-3.995663E-11
28262.75,-2963.5842,-0.12645914,-4.0003036E-11
28295.516,-2967.7278,-0.12645914,-4.0049398E-11
28328.248,-2971.8672,-0.12645914,-4.009583E-11
28360.984,-2976.0068,-0.12645914,-4.0142212E-11
28393.715,-2980.146,-0.12645914,-4.01886E-11
28426.451,-2984.286,-0.12645914,-4.0234982E-11
28459.2,-2988.4272,-0.12645914,-4.028137E-11
28491.889,-2992.561,-0.12645914,-4.0327776E-11
28524.586,-2996.696,-0.12645914,-4.0374096E-11
28557.291,-3000.8318,-0.12645914,-4.042043E-11
28590.05,-3004.9746,-0.12645914,-4.0466776E-11
28622.766,-3009.1118,-0.12645914,-4.0513197E-11
28655.49,-3013.2502,-0.12645914,-4.0559556E-11
28688.23,-3017.3906,-0.12645914,-4.0605925E-11
28721.008,-3021.5356,-0.12645914,-4.0652322E-11
28753.705,-3025.6707,-0.12645914,-4.0698767E-11
28786.426,-3029.8086,-0.12645914,-4.0745102E-11
28819.188,-3033.9517,-0.12645914,-4.0791467E-11
28851.889,-3038.087,-0.12645914,-4.0837892E-11
28884.523,-3042.2139,-0.12645914,-4.088423E-11
28917.125,-3046.3364,-0.12645914,-4.0930474E-11
28949.709,-3050.457,-0.12645914,-4.0976673E-11
28982.314,-3054.5803,-0.12645914,-4.1022845E-11
29014.861,-3058.696,-0.12645914,-4.1069047E-11
29047.389,-3062.8093,-0.12645914,-4.111517E-11
29079.918,-3066.923,-0.12645914,-4.1161262E-11
29112.47,-3071.0396,-0.12645914,-4.1207357E-11
29144.992,-3075.152,-0.12645914,-4.1253483E-11
29177.525,-3079.266,-0.12645914,-4.1299568E-11
29210.084,-3083.3835,-0.12645914,-4.134567E-11
29242.664,-3087.5037,-0.12645914,-4.1391807E-11
29275.264,-3091.6262,-0.12645914,-4.1437975E-11
29307.898,-3095.7532,-0.12645914,-4.148417E-11
29340.426,-3099.8665,-0.12645914,-4.1530415E-11
29372.955,-3103.9802,-0.12645914,-4.1576506E-11
29405.451,-3108.0896,-0.12645914,-4.16226E-11
29437.93,-3112.1968,-0.12645914,-4.166865E-11
29470.387,-3116.3013,-0.12645914,-4.1714673E-11
29502.87,-3120.409,-0.12645914,-4.1760664E-11
29535.377,-3124.52,-0.12645914,-4.1806694E-11
29567.836,-3128.6248,-0.12645914,-4.185276E-11
29600.31,-3132.7314,-0.12645914,-4.1898755E-11
29632.762,-3136.8352,-0.12645914,-4.1944774E-11
29665.229,-3140.941,-0.12645914,-4.1990758E-11
29697.709,-3145.0483,-0.12645914,-4.2036763E-11
29730.115,-3149.1465,-0.12645914,-4.208279E-11
29762.512,-3153.2434,-0.12645914,-4.212871E-11
29794.91,-3157.3403,-0.12645914,-4.2174618E-11
29827.342,-3161.4417,-0.12645914,-4.222053E-11
29859.742,-3165.539,-0.12645914,-4.2266485E-11
29892.117,-3169.6333,-0.12645914,-4.2312397E-11
29924.46,-3173.7234,-0.12645914,-4.2358273E-11
29956.803,-3177.8132,-0.12645914,-4.2404105E-11
29989.121,-3181.9001,-0.12645914,-4.2449936E-11
30021.383,-3185.9797,-0.12645914,-4.2495733E-11
30053.717,-3190.0686,-0.12645914,-4.254145E-11
30086.047,-3194.157,-0.12645914,-4.2587267E-11
30118.39,-3198.247,-0.12645914,-4.263308E-11
30150.678,-3202.33,-0.12645914,-4.2678912E-11
30182.965,-3206.413,-0.12645914,-4.2724664E-11
30215.285,-3210.5002,-0.12645914,-4.2770416E-11
30247.598,-3214.5864,-0.12645914,-4.2816216E-11
30279.95,-3218.6775,-0.12645914,-4.2862002E-11
30312.271,-3222.765,-0.12645914,-4.2907847E-11
30344.62,-3226.8557,-0.12645914,-4.2953648E-11
30376.898,-3230.9377,-0.12645914,-4.2999486E-11
30409.193,-3235.0217,-0.12645914,-4.3045227E-11
30441.525,-3239.1104,-0.12645914,-4.309099E-11
30473.844,-3243.1973,-0.12645914,-4.3136807E-11
30506.168,-3247.285,-0.12645914,-4.3182603E-11
30538.477,-3251.3706,-0.12645914,-4.3228407E-11
30570.816,-3255.4602,-0.12645914,-4.327419E-11
30603.133,-3259.5469,-0.12645914,-4.3320018E-11
30635.432,-3263.6313,-0.12645914,-4.336581E-11
30667.771,-3267.721,-0.12645914,-4.341158E-11
30700.146,-3271.815,-0.12645914,-4.3457404E-11
30732.55,-3275.9126,-0.12645914,-4.350328E-11
30764.998,-3280.0159,-0.12645914,-4.35492E-11
30797.354,-3284.1074,-0.12645914,-4.359518E-11
30829.695,-3288.1973,-0.12645914,-4.364103E-11
30862.09,-3292.2937,-0.12645914,-4.3686856E-11
30894.404,-3296.3804,-0.12645914,-4.373276E-11
30926.707,-3300.4653,-0.12645914,-4.3778554E-11
30959.035,-3304.5535,-0.12645914,-4.3824326E-11
30991.348,-3308.6396,-0.12645914,-4.3870137E-11
31023.69,-3312.7295,-0.12645914,-4.3915926E-11
31056.049,-3316.8218,-0.12645914,-4.3961754E-11
31088.385,-3320.911,-0.12645914,-4.400761E-11
31120.742,-3325.0027,-0.12645914,-4.405343E-11
31153.125,-3329.0977,-0.12645914,-4.4099283E-11
31185.557,-3333.199,-0.12645914,-4.414517E-11
31218.01,-3337.303,-0.12645914,-4.4191126E-11
31250.531,-3341.4158,-0.12645914,-4.4237114E-11
31283.062,-3345.5298,-0.12645914,-4.42832E-11
31315.62,-3349.647,-0.12645914,-4.4329297E-11
31348.158,-3353.7617,-0.12645914,-4.437543E-11
31380.686,-3357.8752,-0.12645914,-4.442154E-11
31413.266,-3361.995,-0.12645914,-4.446763E-11
31445.824,-3366.1123,-0.12645914,-4.45138E-11
31478.375,-3370.2285,-0.12645914,-4.4559936E-11
31510.918,-3374.344,-0.12645914,-4.4606062E-11
31543.436,-3378.4563,-0.12645914,-4.4652178E-11
31575.979,-3382.5715,-0.12645914,-4.4698256E-11
31608.527,-3386.6877,-0.12645914,-4.474437E-11
31641.076,-3390.8037,-0.12645914,-4.4790494E-11
31673.64,-3394.9216,-0.12645914,-4.4836617E-11
31706.195,-3399.0383,-0.12645914,-4.488276E-11
31738.727,-3403.152,-0.12645914,-4.492889E-11
31771.28,-3407.2688,-0.12645914,-4.497499E-11
31803.816,-3411.3835,-0.12645914,-4.502112E-11
31836.38,-3415.5017,-0.12645914,-4.5067224E-11
31868.924,-3419.617,-0.12645914,-4.511337E-11
31901.438,-3423.7288,-0.12645914,-4.5159484E-11
31933.898,-3427.8337,-0.12645914,-4.5205558E-11
31966.445,-3431.9495,-0.12645914,-4.5251556E-11
31998.982,-3436.064,-0.12645914,-4.5297675E-11
32031.525,-3440.1794,-0.12645914,-4.534378E-11
32064.05,-3444.2925,-0.12645914,-4.5389897E-11
32096.562,-3448.4038,-0.12645914,-4.543599E-11
32129.156,-3452.5256,-0.12645914,-4.5482056E-11
32161.809,-3456.6548,-0.12645914,-4.5528244E-11
32194.447,-3460.7825,-0.12645914,-4.5574513E-11
32227.127,-3464.915,-0.12645914,-4.5620764E-11
32259.816,-3469.0488,-0.12645914,-4.566707E-11
32292.496,-3473.1814,-0.12645914,-4.5713395E-11
32325.123,-3477.3074,-0.12645914,-4.57597E-11
32357.758,-3481.4343,-0.12645914,-4.5805935E-11
32390.361,-3485.5574,-0.12645914,-4.585218E-11
32423.033,-3489.689,-0.12645914,-4.5898382E-11
32455.69,-3493.8186,-0.12645914,-4.594468E-11
32488.25,-3497.936,-0.12645914,-4.5990954E-11
32520.799,-3502.052,-0.12645914,-4.6037094E-11
32553.33,-3506.166,-0.12645914,-4.6083217E-11
32585.863,-3510.2803,-0.12645914,-4.6129316E-11
32618.463,-3514.4028,-0.12645914,-4.6175414E-11
32651.053,-3518.524,-0.12645914,-4.622161E-11
32683.703,-3522.6528,-0.12645914,-4.626779E-11
32716.426,-3526.791,-0.12645914,-4.6314057E-11
32749.139,-3530.928,-0.12645914,-4.6360426E-11
32781.824,-3535.061,-0.12645914,-4.640678E-11
32814.457,-3539.188,-0.12645914,-4.64531E-11
32847.176,-3543.3254,-0.12645914,-4.6499343E-11
32879.84,-3547.4563,-0.12645914,-4.6545705E-11
32912.47,-3551.5825,-0.12645914,-4.659199E-11
32945.07,-3555.7053,-0.12645914,-4.6638228E-11
32977.65,-3559.8252,-0.12645914,-4.6684424E-11
33010.203,-3563.9421,-0.12645914,-4.6730588E-11
33042.777,-3568.0613,-0.12645914,-4.677672E-11
33075.312,-3572.1755,-0.12645914,-4.682288E-11
33107.82,-3576.2866,-0.12645914,-4.6868984E-11
33140.316,-3580.3962,-0.12645914,-4.6915048E-11
33172.82,-3584.5066,-0.12645914,-4.6961095E-11
33205.305,-3588.6145,-0.12645914,-4.7007155E-11
33237.797,-3592.7234,-0.12645914,-4.7053188E-11
33270.312,-3596.8354,-0.12645914,-4.709923E-11
33302.797,-3600.9436,-0.12645914,-4.7145305E-11
33335.35,-3605.0605,-0.12645914,-4.7191338E-11
33367.887,-3609.1748,-0.12645914,-4.7237467E-11
33400.47,-3613.2954,-0.12645914,-4.7283573E-11
33433.01,-3617.4106,-0.12645914,-4.732974E-11
33465.543,-3621.5247,-0.12645914,-4.7375857E-11
33498.066,-3625.6375,-0.12645914,-4.7421955E-11
33530.65,-3629.7578,-0.12645914,-4.7468043E-11
33563.215,-3633.876,-0.12645914,-4.751421E-11
33595.773,-3637.9934,-0.12645914,-4.756036E-11
33628.36,-3642.1143,-0.12645914,-4.7606495E-11
33660.953,-3646.236,-0.12645914,-4.7652673E-11
33693.57,-3650.3608,-0.12645914,-4.769886E-11
33726.14,-3654.4795,-0.12645914,-4.774508E-11
33758.684,-3658.595,-0.12645914,-4.7791233E-11
33791.21,-3662.7083,-0.12645914,-4.7837345E-11
33823.75,-3666.8232,-0.12645914,-4.788344E-11
33856.35,-3670.946,-0.12645914,-4.792955E-11
33888.87,-3675.0586,-0.12645914,-4.7975745E-11
33921.406,-3679.1729,-0.12645914,-4.8021826E-11
33953.977,-3683.2915,-0.12645914,-4.806793E-11
33986.59,-3687.4155,-0.12645914,-4.8114086E-11
34019.215,-3691.5415,-0.12645914,-4.81603E-11
34051.844,-3695.6677,-0.12645914,-4.820653E-11
34084.45,-3699.791,-0.12645914,-4.8252766E-11
34116.973,-3703.9038,-0.12645914,-4.829897E-11
34149.453,-3708.0112,-0.12645914,-4.8345057E-11
34181.94,-3712.1196,-0.12645914,-4.8391083E-11
34214.383,-3716.2222,-0.12645914,-4.843712E-11
34246.895,-3720.3335,-0.12645914,-4.848309E-11
34279.477,-3724.4539,-0.12645914,-4.852916E-11
34312.035,-3728.571,-0.12645914,-4.857533E-11
34344.613,-3732.6907,-0.12645914,-4.8621468E-11
34377.21,-3736.813,-0.12645914,-4.8667632E-11
34409.84,-3740.9392,-0.12645914,-4.8713825E-11
34442.508,-3745.07,-0.12645914,-4.876006E-11
34475.12,-3749.1943,-0.12645914,-4.880635E-11
34507.754,-3753.3208,-0.12645914,-4.8852564E-11
34540.367,-3757.4448,-0.12645914,-4.889881E-11
34572.99,-3761.5703,-0.12645914,-4.894502E-11
34605.6,-3765.6946,-0.12645914,-4.899125E-11
34638.18,-3769.8147,-0.12645914,-4.903746E-11
34670.777,-3773.937,-0.12645914,-4.9083626E-11
34703.41,-3778.064,-0.12645914,-4.912982E-11
34736.016,-3782.1875,-0.12645914,-4.917606E-11
34768.63,-3786.3118,-0.12645914,-4.922226E-11
34801.25,-3790.4373,-0.12645914,-4.9268478E-11
34833.883,-3794.564,-0.12645914,-4.93147E-11
34866.54,-3798.6934,-0.12645914,-4.9360946E-11
34899.13,-3802.8147,-0.12645914,-4.940722E-11
34931.766,-3806.942,-0.12645914,-4.94534E-11
34964.395,-3811.068,-0.12645914,-4.9499647E-11
34997.055,-3815.198,-0.12645914,-4.9545885E-11
35029.703,-3819.3267,-0.12645914,-4.9592167E-11
35062.344,-3823.4543,-0.12645914,-4.963843E-11
35095.016,-3827.5862,-0.12645914,-4.9684683E-11
35127.703,-3831.7197,-0.12645914,-4.973098E-11
35160.4,-3835.8542,-0.12645914,-4.97773E-11
35193.01,-3839.9783,-0.12645914,-4.982363E-11
35225.63,-3844.1033,-0.12645914,-4.9869844E-11
35258.18,-3848.2197,-0.12645914,-4.9916064E-11
35290.74,-3852.3374,-0.12645914,-4.996219E-11
35323.348,-3856.4612,-0.12645914,-5.0008327E-11
35355.914,-3860.5796,-0.12645914,-5.0054537E-11
35388.55,-3864.7068,-0.12645914,-5.0100684E-11
35421.258,-3868.8428,-0.12645914,-5.0146932E-11
35453.95,-3872.977,-0.12645914,-5.0193277E-11
35486.63,-3877.1094,-0.12645914,-5.0239604E-11
35519.33,-3881.2446,-0.12645914,-5.028591E-11
35552.047,-3885.3823,-0.12645914,-5.0332245E-11
35584.688,-3889.5098,-0.12645914,-5.037861E-11
35617.297,-3893.6333,-0.12645914,-5.0424862E-11
35649.902,-3897.7566,-0.12645914,-5.0471072E-11
35682.47,-3901.8748,-0.12645914,-5.0517274E-11
35715.03,-3905.9924,-0.12645914,-5.0563425E-11
35747.496,-3910.098,-0.12645914,-5.0609565E-11
35779.938,-3914.2004,-0.12645914,-5.065557E-11
35812.387,-3918.3037,-0.12645914,-5.070154E-11
35844.87,-3922.4114,-0.12645914,-5.074752E-11
35877.35,-3926.5188,-0.12645914,-5.0793553E-11
35909.867,-3930.6306,-0.12645914,-5.083958E-11
35942.367,-3934.7405,-0.12645914,-5.0885657E-11
35974.836,-3938.8467,-0.12645914,-5.093171E-11
36007.277,-3942.9492,-0.12645914,-5.097772E-11
36039.68,-3947.0466,-0.12645914,-5.102369E-11
36072.07,-3951.1426,-0.12645914,-5.1069603E-11
36104.49,-3955.242,-0.12645914,-5.1115504E-11
36136.902,-3959.3408,-0.12645914,-5.116144E-11
36169.348,-3963.4438,-0.12645914,-5.120737E-11
36201.832,-3967.552,-0.12645914,-5.125335E-11
36234.29,-3971.6565,-0.12645914,-5.129938E-11
36266.777,-3975.7651,-0.12645914,-5.1345372E-11
36299.26,-3979.873,-0.12645914,-5.1391412E-11
36331.766,-3983.9836,-0.12645914,-5.143744E-11
36364.246,-3988.0913,-0.12645914,-5.14835E-11
36396.766,-3992.2036,-0.12645914,-5.1529527E-11
36429.344,-3996.3235,-0.12645914,-5.157561E-11
36461.902,-4000.441,-0.12645914,-5.1621773E-11
36494.473,-4004.5598,-0.12645914,-5.166791E-11
36527.023,-4008.6763,-0.12645914,-5.1714064E-11
36559.594,-4012.795,-0.12645914,-5.176019E-11
36592.176,-4016.915,-0.12645914,-5.1806344E-11
36624.78,-4021.038,-0.12645914,-5.1852512E-11
36657.28,-4025.148,-0.12645914,-5.1898718E-11
36689.758,-4029.2551,-0.12645914,-5.194477E-11
36722.223,-4033.3604,-0.12645914,-5.199079E-11
36754.684,-4037.4656,-0.12645914,-5.2036795E-11
36787.145,-4041.5706,-0.12645914,-5.2082793E-11
36819.684,-4045.6855,-0.12645914,-5.212879E-11
36852.203,-4049.798,-0.12645914,-5.21749E-11
36884.74,-4053.9126,-0.12645914,-5.222098E-11
36917.285,-4058.0286,-0.12645914,-5.2267086E-11
36949.855,-4062.1475,-0.12645914,-5.2313206E-11
36982.453,-4066.2695,-0.12645914,-5.235936E-11
37015.01,-4070.3867,-0.12645914,-5.2405552E-11
37047.547,-4074.5012,-0.12645914,-5.245169E-11
37080.0,-4078.6052,-0.12645914,-5.249779E-11
37112.492,-4082.714,-0.12645914,-5.254378E-11
37144.957,-4086.8198,-0.12645914,-5.258982E-11
37177.434,-4090.9268,-0.12645914,-5.2635826E-11
37209.89,-4095.0312,-0.12645914,-5.2681845E-11
37242.387,-4099.141,-0.12645914,-5.272784E-11
37274.85,-4103.2466,-0.12645914,-5.2773886E-11
37307.3,-4107.35,-0.12645914,-5.281989E-11
37339.832,-4111.464,-0.12645914,-5.286587E-11
37372.367,-4115.5786,-0.12645914,-5.291197E-11
37404.883,-4119.6904,-0.12645914,-5.2958075E-11
37437.414,-4123.804,-0.12645914,-5.300415E-11
37469.93,-4127.916,-0.12645914,-5.3050248E-11
37502.473,-4132.0312,-0.12645914,-5.3096322E-11
37535.082,-4136.1553,-0.12645914,-5.314244E-11
37567.71,-4140.2817,-0.12645914,-5.3188648E-11
37600.34,-4144.4077,-0.12645914,-5.3234885E-11
37632.973,-4148.534,-0.12645914,-5.328112E-11
37665.547,-4152.654,-0.12645914,-5.3327363E-11
37698.11,-4156.7715,-0.12645914,-5.337352E-11
37730.676,-4160.8896,-0.12645914,-5.3419665E-11
37763.19,-4165.002,-0.12645914,-5.346581E-11
37795.727,-4169.1167,-0.12645914,-5.3511886E-11
37828.24,-4173.2285,-0.12645914,-5.355799E-11
37860.777,-4177.3433,-0.12645914,-5.3604062E-11
37893.33,-4181.4595,-0.12645914,-5.365017E-11
37925.887,-4185.5767,-0.12645914,-5.3696297E-11
37958.51,-4189.702,-0.12645914,-5.3742434E-11
37991.156,-4193.83,-0.12645914,-5.3788664E-11
38023.81,-4197.9595,-0.12645914,-5.3834923E-11
38056.484,-4202.092,-0.12645914,-5.388119E-11
38089.164,-4206.2246,-0.12645914,-5.3927494E-11
38121.83,-4210.355,-0.12645914,-5.3973805E-11
38154.492,-4214.486,-0.12645914,-5.402009E-11
38187.133,-4218.614,-0.12645914,-5.4066376E-11
38219.79,-4222.7437,-0.12645914,-5.4112628E-11
38252.406,-4226.8687,-0.12645914,-5.4158903E-11
38285.004,-4230.991,-0.12645914,-5.4205123E-11
38317.586,-4235.1113,-0.12645914,-5.4251315E-11
38350.227,-4239.2393,-0.12645914,-5.4297487E-11
38382.875,-4243.368,-0.12645914,-5.4343738E-11
38415.52,-4247.4966,-0.12645914,-5.4390003E-11
38448.082,-4251.6147,-0.12645914,-5.443626E-11
38480.656,-4255.7344,-0.12645914,-5.4482405E-11
38513.242,-4259.855,-0.12645914,-5.4528562E-11
38545.85,-4263.9785,-0.12645914,-5.4574737E-11
38578.457,-4268.1016,-0.12645914,-5.4620947E-11
38611.125,-4272.233,-0.12645914,-5.466715E-11
38643.797,-4276.3643,-0.12645914,-5.4713442E-11
38676.49,-4280.4985,-0.12645914,-5.475974E-11
38709.15,-4284.629,-0.12645914,-5.4806062E-11
38741.81,-4288.759,-0.12645914,-5.4852345E-11
38774.523,-4292.8955,-0.12645914,-5.4898624E-11
38807.254,-4297.0347,-0.12645914,-5.4944983E-11
38839.906,-4301.164,-0.12645914,-5.4991362E-11
38872.543,-4305.291,-0.12645914,-5.5037634E-11
38905.215,-4309.4224,-0.12645914,-5.5083882E-11
38937.87,-4313.552,-0.12645914,-5.5130178E-11
38970.535,-4317.6826,-0.12645914,-5.5176454E-11
39003.207,-4321.814,-0.12645914,-5.522274E-11
39035.855,-4325.9424,-0.12645914,-5.5269036E-11
39068.51,-4330.0723,-0.12645914,-5.53153E-11
39101.184,-4334.2036,-0.12645914,-5.5361576E-11
39133.86,-4338.3354,-0.12645914,-5.5407873E-11
39166.543,-4342.4683,-0.12645914,-5.5454176E-11
39199.188,-4346.596,-0.12645914,-5.550049E-11
39231.848,-4350.726,-0.12645914,-5.5546748E-11
39264.496,-4354.855,-0.12645914,-5.559303E-11
39297.12,-4358.9805,-0.12645914,-5.5639292E-11
39329.734,-4363.105,-0.12645914,-5.5685526E-11
39362.387,-4367.2344,-0.12645914,-5.573174E-11
39395.047,-4371.3643,-0.12645914,-5.5778007E-11
39427.72,-4375.496,-0.12645914,-5.582429E-11
39460.367,-4379.625,-0.12645914,-5.5870586E-11
39492.977,-4383.749,-0.12645914,-5.591685E-11
39525.574,-4387.8716,-0.12645914,-5.596306E-11
39558.234,-4392.0015,-0.12645914,-5.600925E-11
39590.797,-4396.119,-0.12645914,-5.6055532E-11
39623.297,-4400.229,-0.12645914,-5.6101675E-11
39655.86,-4404.347,-0.12645914,-5.614773E-11
39688.4,-4408.462,-0.12645914,-5.619387E-11
39720.926,-4412.575,-0.12645914,-5.6239978E-11
39753.51,-4416.696,-0.12645914,-5.6286073E-11
39786.074,-4420.8135,-0.12645914,-5.6332248E-11
39818.594,-4424.926,-0.12645914,-5.6378388E-11
39851.15,-4429.0425,-0.12645914,-5.642447E-11
39883.69,-4433.1577,-0.12645914,-5.6470602E-11
39916.258,-4437.2764,-0.12645914,-5.651672E-11
39948.836,-4441.396,-0.12645914,-5.6562866E-11
39981.426,-4445.5176,-0.12645914,-5.660903E-11
40014.004,-4449.637,-0.12645914,-5.6655212E-11
40046.58,-4453.7563,-0.12645914,-5.6701376E-11
40079.125,-4457.8726,-0.12645914,-5.6747534E-11
40111.69,-4461.991,-0.12645914,-5.6793653E-11
40144.273,-4466.1113,-0.12645914,-5.68398E-11
40176.848,-4470.2305,-0.12645914,-5.688597E-11
40209.45,-4474.3535,-0.12645914,-5.693213E-11
40242.08,-4478.48,-0.12645914,-5.697833E-11
40274.695,-4482.6045,-0.12645914,-5.7024566E-11
40307.336,-4486.732,-0.12645914,-5.7070786E-11
40339.96,-4490.858,-0.12645914,-5.7117037E-11
40372.504,-4494.973,-0.12645914,-5.7163267E-11
40405.06,-4499.09,-0.12645914,-5.7209383E-11
40437.63,-4503.209,-0.12645914,-5.7255513E-11
40470.215,-4507.33,-0.12645914,-5.7301667E-11
40502.84,-4511.4556,-0.12645914,-5.7347842E-11
40535.46,-4515.581,-0.12645914,-5.7394072E-11
40568.1,-4519.7085,-0.12645914,-5.74403E-11
40600.73,-4523.835,-0.12645914,-5.7486554E-11
40633.344,-4527.9595,-0.12645914,-5.7532788E-11
40665.92,-4532.0796,-0.12645914,-5.7579004E-11
40698.46,-4536.1943,-0.12645914,-5.762517E-11
40731.023,-4540.312,-0.12645914,-5.7671277E-11
40763.555,-4544.426,-0.12645914,-5.7717418E-11
40796.016,-4548.531,-0.12645914,-5.7763516E-11
40828.496,-4552.638,-0.12645914,-5.7809514E-11
40860.973,-4556.745,-0.12645914,-5.785554E-11
40893.465,-4560.854,-0.12645914,-5.7901562E-11
40926.016,-4564.9707,-0.12645914,-5.7947605E-11
40958.598,-4569.091,-0.12645914,-5.799373E-11
40991.17,-4573.21,-0.12645914,-5.80399E-11
41023.8,-4577.3364,-0.12645914,-5.808606E-11
41056.43,-4581.463,-0.12645914,-5.8132294E-11
41089.09,-4585.593,-0.12645914,-5.817853E-11
41121.754,-4589.723,-0.12645914,-5.8224814E-11
41154.383,-4593.8496,-0.12645914,-5.8271096E-11
41186.98,-4597.972,-0.12645914,-5.831734E-11
41219.598,-4602.097,-0.12645914,-5.836353E-11
41252.133,-4606.2114,-0.12645914,-5.840975E-11
41284.66,-4610.3247,-0.12645914,-5.845585E-11
41317.25,-4614.446,-0.12645914,-5.8501946E-11
41349.86,-4618.5693,-0.12645914,-5.8548125E-11
41382.375,-4622.681,-0.12645914,-5.859433E-11
41414.984,-4626.805,-0.12645914,-5.864041E-11
41447.633,-4630.934,-0.12645914,-5.868662E-11
41480.332,-4635.0693,-0.12645914,-5.873288E-11
41513.004,-4639.201,-0.12645914,-5.877922E-11
41545.688,-4643.3345,-0.12645914,-5.8825514E-11
41578.39,-4647.47,-0.12645914,-5.887183E-11
41611.008,-4651.595,-0.12645914,-5.891817E-11
41643.676,-4655.7266,-0.12645914,-5.896439E-11
41676.312,-4659.854,-0.12645914,-5.9010685E-11
41708.992,-4663.987,-0.12645914,-5.905693E-11
41741.62,-4668.113,-0.12645914,-5.9103236E-11
41774.152,-4672.2266,-0.12645914,-5.914948E-11
41806.664,-4676.338,-0.12645914,-5.919557E-11
41839.207,-4680.4536,-0.12645914,-5.924164E-11
41871.715,-4684.5645,-0.12645914,-5.9287755E-11
41904.203,-4688.673,-0.12645914,-5.933382E-11
41936.676,-4692.7793,-0.12645914,-5.937986E-11
41969.08,-4696.877,-0.12645914,-5.9425874E-11
42001.51,-4700.9785,-0.12645914,-5.947179E-11
42033.96,-4705.082,-0.12645914,-5.951775E-11
42066.426,-4709.1875,-0.12645914,-5.956373E-11
42098.824,-4713.284,-0.12645914,-5.9609734E-11
42131.203,-4717.3784,-0.12645914,-5.965564E-11
42163.6,-4721.4756,-0.12645914,-5.970153E-11
42196.02,-4725.575,-0.12645914,-5.9747436E-11
42228.457,-4729.6772,-0.12645914,-5.979337E-11
42260.887,-4733.7783,-0.12645914,-5.983934E-11
42293.348,-4737.8833,-0.12645914,-5.988529E-11
42325.78,-4741.985,-0.12645914,-5.993129E-11
42358.31,-4746.098,-0.12645914,-5.997725E-11
42390.93,-4750.223,-0.12645914,-6.002335E-11
42423.43,-4754.333,-0.12645914,-6.006957E-11
42455.945,-4758.445,-0.12645914,-6.011562E-11
42488.496,-4762.561,-0.12645914,-6.01617E-11
42521.09,-4766.683,-0.12645914,-6.0207825E-11
42553.65,-4770.8003,-0.12645914,-6.025401E-11
42586.234,-4774.9214,-0.12645914,-6.030015E-11
42618.75,-4779.033,-0.12645914,-6.0346325E-11
42651.324,-4783.1523,-0.12645914,-6.03924E-11
42683.918,-4787.2744,-0.12645914,-6.043856E-11
42716.52,-4791.397,-0.12645914,-6.048474E-11
42749.13,-4795.521,-0.12645914,-6.053094E-11
42781.71,-4799.641,-0.12645914,-6.0577154E-11
42814.316,-4803.7646,-0.12645914,-6.062332E-11
42847.0,-4807.898,-0.12645914,-6.0669525E-11
42879.676,-4812.0303,-0.12645914,-6.0715835E-11
42912.316,-4816.1577,-0.12645914,-6.076214E-11
42945.016,-4820.293,-0.12645914,-6.080839E-11
42977.723,-4824.429,-0.12645914,-6.085473E-11
43010.402,-4828.562,-0.12645914,-6.0901076E-11
43043.09,-4832.696,-0.12645914,-6.0947386E-11
43075.785,-4836.8306,-0.12645914,-6.09937E-11
43108.49,-4840.9663,-0.12645914,-6.1040034E-11
43141.164,-4845.0986,-0.12645914,-6.108638E-11
43173.824,-4849.229,-0.12645914,-6.113268E-11
43206.46,-4853.3564,-0.12645914,-6.117896E-11
43239.094,-4857.483,-0.12645914,-6.1225205E-11
43271.71,-4861.608,-0.12645914,-6.127145E-11
43304.332,-4865.7334,-0.12645914,-6.131767E-11
43336.977,-4869.8613,-0.12645914,-6.136389E-11
43369.61,-4873.9883,-0.12645914,-6.1410155E-11
43402.18,-4878.1074,-0.12645914,-6.1456396E-11
43434.68,-4882.2173,-0.12645914,-6.1502546E-11
43467.23,-4886.3335,-0.12645914,-6.1548606E-11
43499.793,-4890.451,-0.12645914,-6.159473E-11
43532.4,-4894.574,-0.12645914,-6.164087E-11
43565.055,-4898.704,-0.12645914,-6.168707E-11
43597.676,-4902.8296,-0.12645914,-6.173335E-11
43630.33,-4906.9585,-0.12645914,-6.1779575E-11
43663.074,-4911.0996,-0.12645914,-6.182584E-11
43695.785,-4915.236,-0.12645914,-6.187224E-11
43728.508,-4919.374,-0.12645914,-6.19186E-11
43761.23,-4923.512,-0.12645914,-6.196497E-11
43793.918,-4927.646,-0.12645914,-6.201134E-11
43826.617,-4931.7812,-0.12645914,-6.205766E-11
43859.324,-4935.9175,-0.12645914,-6.2103996E-11
43892.008,-4940.0503,-0.12645914,-6.215034E-11
43924.676,-4944.1816,-0.12645914,-6.219666E-11
43957.33,-4948.311,-0.12645914,-6.224295E-11
43989.984,-4952.4404,-0.12645914,-6.2289215E-11
44022.688,-4956.576,-0.12645914,-6.233549E-11
44055.492,-4960.7246,-0.12645914,-6.2381836E-11
44088.305,-4964.874,-0.12645914,-6.242832E-11
44121.11,-4969.0225,-0.12645914,-6.247482E-11
44153.984,-4973.1797,-0.12645914,-6.25213E-11
44186.867,-4977.338,-0.12645914,-6.256789E-11
44219.746,-4981.4956,-0.12645914,-6.261448E-11
44252.684,-4985.661,-0.12645914,-6.266107E-11
44285.58,-4989.821,-0.12645914,-6.270775E-11
44318.49,-4993.983,-0.12645914,-6.275436E-11
44351.387,-4998.143,-0.12645914,-6.2800994E-11
44384.184,-5002.2905,-0.12645914,-6.284761E-11
44416.91,-5006.429,-0.12645914,-6.2894086E-11
44449.64,-5010.5684,-0.12645914,-6.294046E-11
44482.367,-5014.707,-0.12645914,-6.2986845E-11
44515.066,-5018.8423,-0.12645914,-6.303322E-11
44547.754,-5022.976,-0.12645914,-6.3079555E-11
44580.42,-5027.107,-0.12645914,-6.312587E-11
44613.062,-5031.235,-0.12645914,-6.317216E-11
44645.73,-5035.3657,-0.12645914,-6.321842E-11
44678.42,-5039.5,-0.12645914,-6.3264706E-11
44711.117,-5043.6343,-0.12645914,-6.331103E-11
44743.844,-5047.773,-0.12645914,-6.335736E-11
44776.496,-5051.9023,-0.12645914,-6.340374E-11
44809.133,-5056.0293,-0.12645914,-6.345001E-11
44841.785,-5060.158,-0.12645914,-6.349626E-11
44874.42,-5064.285,-0.12645914,-6.3542525E-11
44907.03,-5068.409,-0.12645914,-6.358877E-11
44939.703,-5072.5405,-0.12645914,-6.363498E-11
44972.355,-5076.6694,-0.12645914,-6.3681276E-11
45005.027,-5080.801,-0.12645914,-6.372755E-11
45037.707,-5084.9336,-0.12645914,-6.377385E-11
45070.293,-5089.054,-0.12645914,-6.382016E-11
45102.883,-5093.176,-0.12645914,-6.386633E-11
45135.53,-5097.304,-0.12645914,-6.3912514E-11
45168.09,-5101.422,-0.12645914,-6.3958776E-11
45200.65,-5105.539,-0.12645914,-6.400491E-11
45233.207,-5109.6562,-0.12645914,-6.405105E-11
45265.7,-5113.765,-0.12645914,-6.4097186E-11
45298.176,-5117.872,-0.12645914,-6.4143225E-11
45330.668,-5121.981,-0.12645914,-6.418925E-11
45363.15,-5126.0884,-0.12645914,-6.423529E-11
45395.61,-5130.1934,-0.12645914,-6.4281316E-11
45428.117,-5134.304,-0.12645914,-6.4327314E-11
45460.605,-5138.4126,-0.12645914,-6.437338E-11
45493.184,-5142.5327,-0.12645914,-6.4419414E-11
45525.863,-5146.665,-0.12645914,-6.446558E-11
45558.45,-5150.786,-0.12645914,-6.451189E-11
45591.043,-5154.908,-0.12645914,-6.455807E-11
45623.62,-5159.028,-0.12645914,-6.460425E-11
45656.22,-5163.15,-0.12645914,-6.465042E-11
45688.785,-5167.268,-0.12645914,-6.469661E-11
45721.31,-5171.381,-0.12645914,-6.474276E-11
45753.87,-5175.4985,-0.12645914,-6.478884E-11
45786.457,-5179.619,-0.12645914,-6.4834985E-11
45819.062,-5183.7427,-0.12645914,-6.488116E-11
45851.668,-5187.866,-0.12645914,-6.492736E-11
45884.25,-5191.9863,-0.12645914,-6.497357E-11
45916.844,-5196.108,-0.12645914,-6.501974E-11
45949.4,-5200.225,-0.12645914,-6.5065925E-11
45981.938,-5204.3403,-0.12645914,-6.5112055E-11
46014.47,-5208.454,-0.12645914,-6.5158164E-11
46047.01,-5212.5693,-0.12645914,-6.5204266E-11
46079.535,-5216.6826,-0.12645914,-6.5250375E-11
46112.07,-5220.7974,-0.12645914,-6.529646E-11
46144.63,-5224.9146,-0.12645914,-6.5342565E-11
46177.12,-5229.0234,-0.12645914,-6.53887E-11
46209.68,-5233.1406,-0.12645914,-6.543475E-11
46242.234,-5237.2573,-0.12645914,-6.5480885E-11
46274.777,-5241.3726,-0.12645914,-6.5527014E-11
46307.336,-5245.4897,-0.12645914,-6.557313E-11
46339.91,-5249.609,-0.12645914,-6.561927E-11
46372.453,-5253.724,-0.12645914,-6.5665424E-11
46404.973,-5257.8364,-0.12645914,-6.571154E-11
46437.523,-5261.9526,-0.12645914,-6.575762E-11
46470.09,-5266.071,-0.12645914,-6.5803744E-11
46502.67,-5270.191,-0.12645914,-6.5849895E-11
46535.215,-5274.306,-0.12645914,-6.5896066E-11
46567.76,-5278.422,-0.12645914,-6.594218E-11
46600.305,-5282.5376,-0.12645914,-6.59883E-11
46632.848,-5286.6533,-0.12645914,-6.6034414E-11
46665.37,-5290.7666,-0.12645914,-6.608053E-11
46697.92,-5294.8833,-0.12645914,-6.612662E-11
46730.523,-5299.006,-0.12645914,-6.617274E-11
46763.098,-5303.125,-0.12645914,-6.621894E-11
46795.72,-5307.25,-0.12645914,-6.62651E-11
46828.297,-5311.37,-0.12645914,-6.6311324E-11
46860.848,-5315.4863,-0.12645914,-6.635749E-11
46893.387,-5319.601,-0.12645914,-6.640361E-11
46925.9,-5323.7124,-0.12645914,-6.644972E-11
46958.42,-5327.825,-0.12645914,-6.6495795E-11
46991.086,-5331.956,-0.12645914,-6.654188E-11
47023.688,-5336.0786,-0.12645914,-6.6588166E-11
47056.285,-5340.201,-0.12645914,-6.6634365E-11
47088.9,-5344.3257,-0.12645914,-6.668056E-11
47121.52,-5348.451,-0.12645914,-6.672677E-11
47154.105,-5352.572,-0.12645914,-6.6773E-11
47186.656,-5356.688,-0.12645914,-6.6819175E-11
47219.184,-5360.802,-0.12645914,-6.68653E-11
47251.734,-5364.918,-0.12645914,-6.691139E-11
47284.348,-5369.0425,-0.12645914,-6.6957516E-11
47316.934,-5373.163,-0.12645914,-6.700373E-11
47349.523,-5377.284,-0.12645914,-6.704991E-11
47382.113,-5381.406,-0.12645914,-6.7096086E-11
47414.656,-5385.521,-0.12645914,-6.714227E-11
47447.13,-5389.6274,-0.12645914,-6.718838E-11
47479.668,-5393.742,-0.12645914,-6.72344E-11
47512.188,-5397.8545,-0.12645914,-6.728051E-11
47544.676,-5401.9634,-0.12645914,-6.732659E-11
47577.152,-5406.0703,-0.12645914,-6.737262E-11
47609.652,-5410.18,-0.12645914,-6.741865E-11
47642.16,-5414.2915,-0.12645914,-6.74647E-11
47674.652,-5418.4004,-0.12645914,-6.751076E-11
47707.168,-5422.512,-0.12645914,-6.755681E-11
47739.613,-5426.615,-0.12645914,-6.760288E-11
47772.062,-5430.7188,-0.12645914,-6.764886E-11
47804.516,-5434.8228,-0.12645914,-6.769484E-11
47836.934,-5438.9224,-0.12645914,-6.774083E-11
47869.355,-5443.0225,-0.12645914,-6.778676E-11
47901.754,-5447.1196,-0.12645914,-6.783271E-11
47934.086,-5451.2085,-0.12645914,-6.787862E-11
47966.492,-5455.3066,-0.12645914,-6.792444E-11
47998.91,-5459.4062,-0.12645914,-6.797035E-11
48031.277,-5463.4995,-0.12645914,-6.8016294E-11
48063.67,-5467.596,-0.12645914,-6.806216E-11
48096.062,-5471.6924,-0.12645914,-6.810806E-11
48128.426,-5475.7847,-0.12645914,-6.815396E-11
48160.77,-5479.8745,-0.12645914,-6.819982E-11
48193.098,-5483.963,-0.12645914,-6.824565E-11
48225.39,-5488.047,-0.12645914,-6.829146E-11
48257.727,-5492.136,-0.12645914,-6.8337225E-11
48290.12,-5496.233,-0.12645914,-6.838304E-11
48322.44,-5500.3203,-0.12645914,-6.842895E-11
48354.79,-5504.4106,-0.12645914,-6.847475E-11
48387.13,-5508.5005,-0.12645914,-6.8520585E-11
48419.45,-5512.5874,-0.12645914,-6.8566416E-11
48451.793,-5516.6777,-0.12645914,-6.861221E-11
48484.152,-5520.77,-0.12645914,-6.8658045E-11
48516.54,-5524.865,-0.12645914,-6.87039E-11
48548.96,-5528.9653,-0.12645914,-6.874979E-11
48581.438,-5533.0723,-0.12645914,-6.879573E-11
48613.945,-5537.183,-0.12645914,-6.884176E-11
48646.5,-5541.3003,-0.12645914,-6.888782E-11
48678.953,-5545.4043,-0.12645914,-6.893395E-11
48711.332,-5549.499,-0.12645914,-6.897994E-11
48743.72,-5553.5947,-0.12645914,-6.902582E-11
48776.09,-5557.6885,-0.12645914,-6.9071714E-11
48808.492,-5561.786,-0.12645914,-6.911759E-11
48840.92,-5565.887,-0.12645914,-6.91635E-11
48873.33,-5569.9854,-0.12645914,-6.920946E-11
48905.707,-5574.08,-0.12645914,-6.925538E-11
48938.094,-5578.1753,-0.12645914,-6.930126E-11
48970.45,-5582.267,-0.12645914,-6.934715E-11
49002.832,-5586.3623,-0.12645914,-6.9393E-11
49035.19,-5590.454,-0.12645914,-6.9438885E-11
49067.574,-5594.5493,-0.12645914,-6.9484744E-11
49100.035,-5598.6543,-0.12645914,-6.953063E-11
49132.547,-5602.7656,-0.12645914,-6.957663E-11
49165.016,-5606.8716,-0.12645914,-6.9622696E-11
49197.51,-5610.981,-0.12645914,-6.966871E-11
49230.023,-5615.0923,-0.12645914,-6.9714755E-11
49262.566,-5619.2075,-0.12645914,-6.976083E-11
49295.14,-5623.327,-0.12645914,-6.9806945E-11
49327.754,-5627.4517,-0.12645914,-6.98531E-11
49360.402,-5631.5806,-0.12645914,-6.9899316E-11
49393.06,-5635.7104,-0.12645914,-6.994558E-11
49425.73,-5639.842,-0.12645914,-6.999185E-11
49458.36,-5643.968,-0.12645914,-7.003815E-11
49490.95,-5648.089,-0.12645914,-7.008439E-11
49523.58,-5652.215,-0.12645914,-7.013057E-11
49556.168,-5656.336,-0.12645914,-7.01768E-11
49588.73,-5660.4536,-0.12645914,-7.022299E-11
49621.254,-5664.5664,-0.12645914,-7.026913E-11
49653.74,-5668.675,-0.12645914,-7.031522E-11
49686.23,-5672.7837,-0.12645914,-7.0361245E-11
49718.703,-5676.89,-0.12645914,-7.040729E-11
49751.152,-5680.9937,-0.12645914,-7.04533E-11
49783.57,-5685.0933,-0.12645914,-7.049929E-11
49815.99,-5689.193,-0.12645914,-7.054522E-11
49848.42,-5693.2944,-0.12645914,-7.0591165E-11
49880.867,-5697.3975,-0.12645914,-7.063712E-11
49913.348,-5701.505,-0.12645914,-7.06831E-11
49945.848,-5705.6147,-0.12645914,-7.0729124E-11
49978.332,-5709.7227,-0.12645914,-7.077518E-11
50010.777,-5713.8257,-0.12645914,-7.082121E-11
50043.21,-5717.9272,-0.12645914,-7.086719E-11
50075.586,-5722.0215,-0.12645914,-7.091314E-11
50108.03,-5726.1245,-0.12645914,-7.095902E-11
50140.5,-5730.2305,-0.12645914,-7.1005E-11
50172.99,-5734.339,-0.12645914,-7.1051005E-11
50205.53,-5738.4546,-0.12645914,-7.1097045E-11
50238.11,-5742.5747,-0.12645914,-7.114316E-11
50270.688,-5746.6943,-0.12645914,-7.1189325E-11
50303.27,-5750.8145,-0.12645914,-7.123549E-11
50335.84,-5754.933,-0.12645914,-7.128166E-11
50368.41,-5759.0522,-0.12645914,-7.132781E-11
50400.99,-5763.172,-0.12645914,-7.137396E-11
50433.547,-5767.289,-0.12645914,-7.142013E-11
50466.125,-5771.4087,-0.12645914,-7.146626E-11
50498.65,-5775.522,-0.12645914,-7.151243E-11
50531.18,-5779.6357,-0.12645914,-7.1558516E-11
50563.72,-5783.751,-0.12645914,-7.160462E-11
50596.28,-5787.8687,-0.12645914,-7.165073E-11
50628.812,-5791.983,-0.12645914,-7.1696864E-11
50661.39,-5796.1025,-0.12645914,-7.1742966E-11
50693.965,-5800.2217,-0.12645914,-7.178913E-11
50726.496,-5804.3354,-0.12645914,-7.183529E-11
50759.062,-5808.4536,-0.12645914,-7.188138E-11
50791.582,-5812.566,-0.12645914,-7.192753E-11
50824.07,-5816.6743,-0.12645914,-7.1973615E-11
50856.516,-5820.7773,-0.12645914,-7.2019654E-11
50888.99,-5824.884,-0.12645914,-7.206563E-11
50921.465,-5828.9907,-0.12645914,-7.211164E-11
50953.973,-5833.1016,-0.12645914,-7.215766E-11
50986.406,-5837.203,-0.12645914,-7.220373E-11
51018.812,-5841.3013,-0.12645914,-7.2249685E-11
51051.26,-5845.4043,-0.12645914,-7.229561E-11
51083.71,-5849.508,-0.12645914,-7.234159E-11
51116.164,-5853.612,-0.12645914,-7.2387575E-11
51148.645,-5857.719,-0.12645914,-7.243356E-11
51181.14,-5861.8286,-0.12645914,-7.2479585E-11
51213.617,-5865.936,-0.12645914,-7.252563E-11
51246.08,-5870.041,-0.12645914,-7.257166E-11
51278.55,-5874.1475,-0.12645914,-7.2617655E-11
51311.04,-5878.256,-0.12645914,-7.266367E-11
51343.51,-5882.363,-0.12645914,-7.2709706E-11
51376.016,-5886.473,-0.12645914,-7.275572E-11
51408.44,-5890.5737,-0.12645914,-7.280178E-11
51440.85,-5894.672,-0.12645914,-7.284773E-11
51473.273,-5898.772,-0.12645914,-7.2893656E-11
51505.64,-5902.865,-0.12645914,-7.29396E-11
51538.086,-5906.9683,-0.12645914,-7.2985465E-11
51570.543,-5911.0728,-0.12645914,-7.303144E-11
51602.93,-5915.168,-0.12645914,-7.307743E-11
51635.367,-5919.27,-0.12645914,-7.312333E-11
51667.785,-5923.3696,-0.12645914,-7.316929E-11
51700.176,-5927.466,-0.12645914,-7.3215226E-11
51732.54,-5931.5586,-0.12645914,-7.3261126E-11
51764.92,-5935.6533,-0.12645914,-7.3306985E-11
51797.324,-5939.751,-0.12645914,-7.335287E-11
51829.695,-5943.8447,-0.12645914,-7.339879E-11
51862.1,-5947.943,-0.12645914,-7.344466E-11
51894.395,-5952.0264,-0.12645914,-7.349058E-11
51926.727,-5956.115,-0.12645914,-7.3536344E-11
51959.1,-5960.209,-0.12645914,-7.358216E-11
51991.504,-5964.3066,-0.12645914,-7.3628034E-11
52023.89,-5968.4023,-0.12645914,-7.367395E-11
52056.32,-5972.5034,-0.12645914,-7.371984E-11
52088.75,-5976.6045,-0.12645914,-7.37658E-11
52121.168,-5980.704,-0.12645914,-7.381175E-11
52153.62,-5984.808,-0.12645914,-7.385769E-11
52186.043,-5988.908,-0.12645914,-7.3903675E-11
52218.453,-5993.007,-0.12645914,-7.394962E-11
52250.875,-5997.1064,-0.12645914,-7.3995546E-11
52283.293,-6001.206,-0.12645914,-7.404149E-11
52315.69,-6005.303,-0.12645914,-7.4087424E-11
52348.11,-6009.403,-0.12645914,-7.413334E-11
52380.51,-6013.5005,-0.12645914,-7.4179274E-11
52412.996,-6017.6084,-0.12645914,-7.422519E-11
52445.5,-6021.7188,-0.12645914,-7.427122E-11
52478.008,-6025.8296,-0.12645914,-7.431728E-11
52510.527,-6029.942,-0.12645914,-7.436334E-11
52543.082,-6034.0586,-0.12645914,-7.440942E-11
52575.633,-6038.175,-0.12645914,-7.445556E-11
52608.164,-6042.2886,-0.12645914,-7.450168E-11
52640.758,-6046.41,-0.12645914,-7.4547785E-11
52673.37,-6050.5347,-0.12645914,-7.459397E-11
52705.906,-6054.649,-0.12645914,-7.464018E-11
52738.465,-6058.766,-0.12645914,-7.4686285E-11
52770.99,-6062.879,-0.12645914,-7.473242E-11
52803.523,-6066.993,-0.12645914,-7.477851E-11
52836.09,-6071.1113,-0.12645914,-7.482461E-11
52868.656,-6075.23,-0.12645914,-7.487076E-11
52901.19,-6079.344,-0.12645914,-7.4916906E-11
52933.79,-6083.467,-0.12645914,-7.4963015E-11
52966.227,-6087.569,-0.12645914,-7.500921E-11
52998.652,-6091.669,-0.12645914,-7.505517E-11
53031.117,-6095.7744,-0.12645914,-7.510112E-11
53063.527,-6099.873,-0.12645914,-7.5147125E-11
53095.93,-6103.9707,-0.12645914,-7.5193046E-11
53128.344,-6108.07,-0.12645914,-7.523896E-11
53160.664,-6112.1567,-0.12645914,-7.5284896E-11
53193.023,-6116.249,-0.12645914,-7.533069E-11
53225.36,-6120.3384,-0.12645914,-7.537655E-11
53257.594,-6124.415,-0.12645914,-7.542237E-11
53289.9,-6128.5005,-0.12645914,-7.546805E-11
53322.234,-6132.59,-0.12645914,-7.5513824E-11
53354.645,-6136.6885,-0.12645914,-7.555965E-11
53387.11,-6140.794,-0.12645914,-7.560557E-11
53419.55,-6144.8965,-0.12645914,-7.5651575E-11
53451.914,-6148.9893,-0.12645914,-7.5697545E-11
53484.28,-6153.0825,-0.12645914,-7.5743405E-11
53516.63,-6157.1733,-0.12645914,-7.578927E-11
53548.99,-6161.2656,-0.12645914,-7.583511E-11
53581.34,-6165.3564,-0.12645914,-7.588097E-11
53613.72,-6169.451,-0.12645914,-7.5926807E-11
53646.086,-6173.5444,-0.12645914,-7.597269E-11
53678.48,-6177.641,-0.12645914,-7.601856E-11
53710.89,-6181.7397,-0.12645914,-7.606446E-11
53743.344,-6185.8438,-0.12645914,-7.611039E-11
53775.812,-6189.9497,-0.12645914,-7.615637E-11
53808.293,-6194.057,-0.12645914,-7.6202385E-11
53840.797,-6198.1675,-0.12645914,-7.624841E-11
53873.332,-6202.2817,-0.12645914,-7.629447E-11
53905.883,-6206.398,-0.12645914,-7.634057E-11
53938.457,-6210.517,-0.12645914,-7.6386696E-11
53970.99,-6214.631,-0.12645914,-7.643286E-11
54003.527,-6218.7456,-0.12645914,-7.6478955E-11
54036.188,-6222.876,-0.12645914,-7.6525064E-11
54068.86,-6227.0073,-0.12645914,-7.6571346E-11
54101.54,-6231.14,-0.12645914,-7.661764E-11
54134.195,-6235.27,-0.12645914,-7.666395E-11
54166.832,-6239.397,-0.12645914,-7.671023E-11
54199.477,-6243.525,-0.12645914,-7.6756476E-11
54232.11,-6247.6514,-0.12645914,-7.680273E-11
54264.793,-6251.784,-0.12645914,-7.684897E-11
54297.42,-6255.91,-0.12645914,-7.689529E-11
54330.043,-6260.0356,-0.12645914,-7.694152E-11
54362.695,-6264.165,-0.12645914,-7.698775E-11
54395.312,-6268.29,-0.12645914,-7.703402E-11
54427.992,-6272.4224,-0.12645914,-7.708024E-11
54460.637,-6276.5503,-0.12645914,-7.712655E-11
54493.305,-6280.6816,-0.12645914,-7.71728E-11
54525.965,-6284.8115,-0.12645914,-7.72191E-11
54558.6,-6288.9385,-0.12645914,-7.726538E-11
54591.254,-6293.068,-0.12645914,-7.731163E-11
54623.87,-6297.1924,-0.12645914,-7.73579E-11
54656.402,-6301.306,-0.12645914,-7.740412E-11
54688.94,-6305.421,-0.12645914,-7.745021E-11
54721.508,-6309.539,-0.12645914,-7.749632E-11
54754.14,-6313.6655,-0.12645914,-7.754247E-11
54786.777,-6317.7925,-0.12645914,-7.758871E-11
54819.367,-6321.9136,-0.12645914,-7.763496E-11
54851.97,-6326.0366,-0.12645914,-7.768114E-11
54884.55,-6330.157,-0.12645914,-7.772734E-11
54917.12,-6334.276,-0.12645914,-7.777351E-11
54949.613,-6338.385,-0.12645914,-7.781966E-11
54982.055,-6342.4873,-0.12645914,-7.786571E-11
55014.465,-6346.586,-0.12645914,-7.791168E-11
55046.863,-6350.683,-0.12645914,-7.79576E-11
55079.24,-6354.7773,-0.12645914,-7.800351E-11
55111.707,-6358.8833,-0.12645914,-7.8049386E-11
55144.18,-6362.9897,-0.12645914,-7.80954E-11
55176.633,-6367.0938,-0.12645914,-7.814141E-11
55209.07,-6371.196,-0.12645914,-7.81874E-11
55241.53,-6375.301,-0.12645914,-7.8233364E-11
55274.016,-6379.4087,-0.12645914,-7.827936E-11
55306.5,-6383.5166,-0.12645914,-7.8325395E-11
55339.0,-6387.6265,-0.12645914,-7.837143E-11
55371.535,-6391.7407,-0.12645914,-7.841748E-11
55404.09,-6395.8574,-0.12645914,-7.846358E-11
55436.652,-6399.975,-0.12645914,-7.850971E-11
55469.242,-6404.0967,-0.12645914,-7.8555856E-11
55501.844,-6408.219,-0.12645914,-7.860204E-11
55534.477,-6412.3457,-0.12645914,-7.8648234E-11
55567.125,-6416.4746,-0.12645914,-7.869448E-11
55599.754,-6420.601,-0.12645914,-7.874074E-11
55632.367,-6424.7256,-0.12645914,-7.878698E-11
55664.918,-6428.842,-0.12645914,-7.883319E-11
55697.42,-6432.952,-0.12645914,-7.887932E-11
55729.97,-6437.068,-0.12645914,-7.892538E-11
55762.484,-6441.18,-0.12645914,-7.8971496E-11
55794.984,-6445.29,-0.12645914,-7.901758E-11
55827.516,-6449.404,-0.12645914,-7.906363E-11
55860.047,-6453.5176,-0.12645914,-7.9109726E-11
55892.652,-6457.6406,-0.12645914,-7.915582E-11
55925.31,-6461.77,-0.12645914,-7.920203E-11
55957.96,-6465.899,-0.12645914,-7.92483E-11
55990.66,-6470.034,-0.12645914,-7.929457E-11
56023.367,-6474.1704,-0.12645914,-7.934091E-11
56056.1,-6478.3096,-0.12645914,-7.9387254E-11
56088.91,-6482.459,-0.12645914,-7.943364E-11
56121.71,-6486.607,-0.12645914,-7.948013E-11
56154.48,-6490.751,-0.12645914,-7.9526614E-11
56187.164,-6494.8843,-0.12645914,-7.957305E-11
56219.824,-6499.014,-0.12645914,-7.961936E-11
56252.47,-6503.142,-0.12645914,-7.966564E-11
56285.168,-6507.277,-0.12645914,-7.9711904E-11
56317.86,-6511.411,-0.12645914,-7.9758235E-11
56350.574,-6515.548,-0.12645914,-7.980456E-11
56383.27,-6519.6826,-0.12645914,-7.985092E-11
56415.957,-6523.8164,-0.12645914,-7.989725E-11
56448.63,-6527.9478,-0.12645914,-7.994357E-11
56481.266,-6532.075,-0.12645914,-7.998987E-11
56513.855,-6536.1963,-0.12645914,-8.003612E-11
56546.434,-6540.3164,-0.12645914,-8.0082295E-11
56579.027,-6544.4385,-0.12645914,-8.012846E-11
56611.64,-6548.563,-0.12645914,-8.0174645E-11
56644.25,-6552.687,-0.12645914,-8.022086E-11
56676.977,-6556.8257,-0.12645914,-8.026707E-11
56709.715,-6560.966,-0.12645914,-8.031344E-11
56742.414,-6565.101,-0.12645914,-8.035984E-11
56775.13,-6569.238,-0.12645914,-8.0406175E-11
56807.844,-6573.3745,-0.12645914,-8.0452534E-11
56840.566,-6577.5127,-0.12645914,-8.0498885E-11
56873.29,-6581.6504,-0.12645914,-8.054526E-11
56905.98,-6585.7847,-0.12645914,-8.0591624E-11
56938.69,-6589.921,-0.12645914,-8.0637955E-11
56971.37,-6594.0537,-0.12645914,-8.0684306E-11
57004.062,-6598.188,-0.12645914,-8.073061E-11
57036.79,-6602.3267,-0.12645914,-8.077694E-11
57069.504,-6606.464,-0.12645914,-8.082331E-11
57102.18,-6610.596,-0.12645914,-8.086967E-11
57134.83,-6614.725,-0.12645914,-8.0915975E-11
57167.434,-6618.848,-0.12645914,-8.096224E-11
57200.004,-6622.967,-0.12645914,-8.100844E-11
57232.562,-6627.084,-0.12645914,-8.1054594E-11
57265.094,-6631.198,-0.12645914,-8.110073E-11
57297.65,-6635.315,-0.12645914,-8.114683E-11
57330.184,-6639.4297,-0.12645914,-8.119296E-11
57362.715,-6643.5435,-0.12645914,-8.1239064E-11
57395.25,-6647.6577,-0.12645914,-8.128516E-11
57427.76,-6651.769,-0.12645914,-8.133127E-11
57460.297,-6655.8833,-0.12645914,-8.1377335E-11
57492.824,-6659.9966,-0.12645914,-8.142344E-11
57525.324,-6664.1064,-0.12645914,-8.146953E-11
57557.88,-6668.223,-0.12645914,-8.1515586E-11
57590.5,-6672.3486,-0.12645914,-8.1561716E-11
57623.156,-6676.4785,-0.12645914,-8.160794E-11
57655.8,-6680.6064,-0.12645914,-8.165422E-11
57688.453,-6684.736,-0.12645914,-8.170047E-11
57721.08,-6688.862,-0.12645914,-8.174675E-11
57753.7,-6692.9873,-0.12645914,-8.1792975E-11
57786.33,-6697.114,-0.12645914,-8.18392E-11
57818.953,-6701.2393,-0.12645914,-8.1885436E-11
57851.55,-6705.3613,-0.12645914,-8.193167E-11
57884.145,-6709.483,-0.12645914,-8.197786E-11
57916.76,-6713.6074,-0.12645914,-8.202405E-11
57949.383,-6717.7324,-0.12645914,-8.207027E-11
57982.02,-6721.86,-0.12645914,-8.2116494E-11
58014.695,-6725.992,-0.12645914,-8.216274E-11
58047.344,-6730.121,-0.12645914,-8.2209045E-11
58079.977,-6734.248,-0.12645914,-8.225531E-11
58112.6,-6738.374,-0.12645914,-8.230155E-11
58145.285,-6742.5073,-0.12645914,-8.234778E-11
58177.996,-6746.644,-0.12645914,-8.239409E-11
58210.7,-6750.78,-0.12645914,-8.244044E-11
58243.434,-6754.9194,-0.12645914,-8.248679E-11
58276.188,-6759.0615,-0.12645914,-8.2533175E-11
58308.883,-6763.1963,-0.12645914,-8.257959E-11
58341.59,-6767.332,-0.12645914,-8.262592E-11
58374.234,-6771.46,-0.12645914,-8.2672265E-11
58406.84,-6775.583,-0.12645914,-8.2718526E-11
58439.47,-6779.7095,-0.12645914,-8.2764726E-11
58472.066,-6783.8315,-0.12645914,-8.2810966E-11
58504.703,-6787.959,-0.12645914,-8.285716E-11
58537.29,-6792.0796,-0.12645914,-8.2903406E-11
58569.86,-6796.1987,-0.12645914,-8.294958E-11
58602.45,-6800.32,-0.12645914,-8.2995735E-11
58634.98,-6804.4336,-0.12645914,-8.3041914E-11
58667.54,-6808.551,-0.12645914,-8.308801E-11
58700.105,-6812.669,-0.12645914,-8.3134145E-11
58732.668,-6816.7866,-0.12645914,-8.3180296E-11
58765.242,-6820.906,-0.12645914,-8.322644E-11
58797.8,-6825.023,-0.12645914,-8.32726E-11
58830.348,-6829.1387,-0.12645914,-8.3318734E-11
58862.96,-6833.263,-0.12645914,-8.336486E-11
58895.574,-6837.387,-0.12645914,-8.341107E-11
58928.12,-6841.503,-0.12645914,-8.345728E-11
58960.676,-6845.6196,-0.12645914,-8.3503406E-11
58993.234,-6849.737,-0.12645914,-8.3549535E-11
59025.78,-6853.8525,-0.12645914,-8.359567E-11
59058.344,-6857.97,-0.12645914,-8.364179E-11
59090.91,-6862.0884,-0.12645914,-8.368793E-11
59123.51,-6866.211,-0.12645914,-8.373408E-11
59156.14,-6870.337,-0.12645914,-8.378028E-11
59188.785,-6874.465,-0.12645914,-8.3826515E-11
59221.46,-6878.597,-0.12645914,-8.387278E-11
59254.137,-6882.729,-0.12645914,-8.391907E-11
59286.758,-6886.854,-0.12645914,-8.3965376E-11
59319.367,-6890.9775,-0.12645914,-8.40116E-11
59351.926,-6895.0947,-0.12645914,-8.4057816E-11
59384.566,-6899.222,-0.12645914,-8.410395E-11
59417.188,-6903.3477,-0.12645914,-8.41502E-11
59449.797,-6907.471,-0.12645914,-8.419643E-11
59482.4,-6911.5938,-0.12645914,-8.4242634E-11
59514.965,-6915.712,-0.12645914,-8.428883E-11
59547.527,-6919.8296,-0.12645914,-8.433498E-11
59580.07,-6923.9453,-0.12645914,-8.438113E-11
59612.582,-6928.0566,-0.12645914,-8.4427236E-11
59645.098,-6932.1685,-0.12645914,-8.447331E-11
59677.664,-6936.2866,-0.12645914,-8.4519385E-11
59710.043,-6940.381,-0.12645914,-8.4565535E-11
59742.4,-6944.472,-0.12645914,-8.4611415E-11
59774.832,-6948.5737,-0.12645914,-8.465727E-11
59807.23,-6952.671,-0.12645914,-8.4703224E-11
59839.574,-6956.761,-0.12645914,-8.474913E-11
59871.906,-6960.85,-0.12645914,-8.479497E-11
59904.23,-6964.938,-0.12645914,-8.484078E-11
59936.477,-6969.016,-0.12645914,-8.4886584E-11
59968.746,-6973.097,-0.12645914,-8.493228E-11
60000.97,-6977.1724,-0.12645914,-8.497801E-11
60033.17,-6981.2446,-0.12645914,-8.502367E-11
60065.41,-6985.322,-0.12645914,-8.50693E-11
60097.695,-6989.4043,-0.12645914,-8.5114985E-11
60129.973,-6993.4863,-0.12645914,-8.516073E-11
60162.188,-6997.56,-0.12645914,-8.5206474E-11
60194.477,-7001.643,-0.12645914,-8.5252125E-11
60226.797,-7005.73,-0.12645914,-8.529788E-11
60259.117,-7009.8174,-0.12645914,-8.534368E-11
60291.47,-7013.9087,-0.12645914,-8.538947E-11
60323.887,-7018.0083,-0.12645914,-8.543532E-11
60356.35,-7022.114,-0.12645914,-8.5481254E-11
60