Time,xPosition,xVelocity,xAcceleration
255.92458,-432.88004,-9.310482E-10,-3.6379788E-12
503.49783,-432.88004,-1.8317144E-9,-3.6379788E-12
740.2368,-432.88004,-2.6929659E-9,-3.6379788E-12
966.7617,-432.88004,-3.5170586E-9,-3.6379788E-12
1183.6473,-432.88004,-4.306084E-9,-3.6379788E-12
1391.3732,-432.88004,-5.061786E-9,-3.6379788E-12
1590.3455,-432.88004,-5.785643E-9,-3.6379788E-12
1780.9581,-432.88004,-6.479088E-9,-3.6379788E-12
1963.728,-432.88004,-7.144001E-9,-3.6379788E-12
2139.0457,-432.88004,-7.781803E-9,-3.6379788E-12
2307.278,-432.88004,-8.393829E-9,-3.6379788E-12
2468.714,-432.88004,-8.98113E-9,-3.6379788E-12
2623.7341,-432.88004,-9.545089E-9,-3.6379788E-12
2772.596,-432.88004,-1.0086645E-8,-3.6379788E-12
2915.6191,-432.88004,-1.0606961E-8,-3.6379788E-12
3053.0571,-432.88004,-1.1106957E-8,-3.6379788E-12
3185.2632,-432.88004,-1.158792E-8,-3.6379788E-12
3312.4565,-432.88004,-1.2050647E-8,-3.6379788E-12
3434.8542,-432.88004,-1.2495927E-8,-3.6379788E-12
3552.761,-432.88004,-1.2924869E-8,-3.6379788E-12
3666.4067,-432.88004,-1.333831E-8,-3.6379788E-12
3775.9656,-432.88004,-1.3736883E-8,-3.6379788E-12
3881.5967,-432.88004,-1.41211665E-8,-3.6379788E-12
3983.5957,-432.88004,-1.4492237E-8,-3.6379788E-12
4082.0476,-432.88004,-1.4850403E-8,-3.6379788E-12
4177.2363,-432.88004,-1.5196697E-8,-3.6379788E-12
4269.297,-432.88004,-1.5531612E-8,-3.6379788E-12
4358.446,-432.88004,-1.5855933E-8,-3.6379788E-12
4444.8374,-432.88004,-1.6170224E-8,-3.6379788E-12
4528.6206,-432.88004,-1.6475026E-8,-3.6379788E-12
4609.814,-432.88004,-1.6770406E-8,-3.6379788E-12
4688.5986,-432.88004,-1.7057022E-8,-3.6379788E-12
4765.069,-432.88004,-1.733522E-8,-3.6379788E-12
4839.357,-432.88004,-1.7605478E-8,-3.6379788E-12
4911.489,-432.88004,-1.7867892E-8,-3.6379788E-12
4981.665,-432.88004,-1.8123192E-8,-3.6379788E-12
5049.9946,-432.88004,-1.8371773E-8,-3.6379788E-12
5116.488,-432.88004,-1.8613674E-8,-3.6379788E-12
5181.2935,-432.88004,-1.8849436E-8,-3.6379788E-12
5244.4844,-432.88004,-1.9079323E-8,-3.6379788E-12
5306.123,-432.88004,-1.9303563E-8,-3.6379788E-12
5366.2837,-432.88004,-1.9522426E-8,-3.6379788E-12
5425.053,-432.88004,-1.9736229E-8,-3.6379788E-12
5482.477,-432.88004,-1.9945135E-8,-3.6379788E-12
5538.577,-432.88004,-2.0149226E-8,-3.6379788E-12
5593.5303,-432.88004,-2.0349145E-8,-3.6379788E-12
5647.3525,-432.88004,-2.0544949E-8,-3.6379788E-12
5700.0063,-432.88004,-2.0736502E-8,-3.6379788E-12
5751.6494,-432.88004,-2.0924379E-8,-3.6379788E-12
5802.369,-432.88004,-2.1108896E-8,-3.6379788E-12
5852.2285,-432.88004,-2.1290283E-8,-3.6379788E-12
5901.159,-432.88004,-2.1468292E-8,-3.6379788E-12
5949.313,-432.88004,-2.1643475E-8,-3.6379788E-12
5996.7124,-432.88004,-2.1815913E-8,-3.6379788E-12
6043.329,-432.88004,-2.1985503E-8,-3.6379788E-12
6089.1787,-432.88004,-2.2152303E-8,-3.6379788E-12
6134.4097,-432.88004,-2.2316852E-8,-3.6379788E-12
6179.0107,-432.88004,-2.247911E-8,-3.6379788E-12
6223.034,-432.88004,-2.2639266E-8,-3.6379788E-12
6266.444,-432.88004,-2.279719E-8,-3.6379788E-12
6309.2744,-432.88004,-2.2953007E-8,-3.6379788E-12
6351.576,-432.88004,-2.31069E-8,-3.6379788E-12
6393.3486,-432.88004,-2.3258867E-8,-3.6379788E-12
6434.611,-432.88004,-2.3408978E-8,-3.6379788E-12
6475.511,-432.88004,-2.3557773E-8,-3.6379788E-12
6516.019,-432.88004,-2.370514E-8,-3.6379788E-12
6556.056,-432.88004,-2.3850793E-8,-3.6379788E-12
6595.7974,-432.88004,-2.3995371E-8,-3.6379788E-12
6635.219,-432.88004,-2.4138787E-8,-3.6379788E-12
6674.3076,-432.88004,-2.428099E-8,-3.6379788E-12
6713.063,-432.88004,-2.442198E-8,-3.6379788E-12
6751.5464,-432.88004,-2.4561983E-8,-3.6379788E-12
6789.8037,-432.88004,-2.4701162E-8,-3.6379788E-12
6827.785,-432.88004,-2.4839338E-8,-3.6379788E-12
6865.5337,-432.88004,-2.4976666E-8,-3.6379788E-12
6903.025,-432.88004,-2.5113058E-8,-3.6379788E-12
6940.2886,-432.88004,-2.5248623E-8,-3.6379788E-12
6977.3726,-432.88004,-2.5383533E-8,-3.6379788E-12
7014.25,-432.88004,-2.5517693E-8,-3.6379788E-12
7050.9087,-432.88004,-2.5651056E-8,-3.6379788E-12
7087.4106,-432.88004,-2.578385E-8,-3.6379788E-12
7123.738,-432.88004,-2.5916007E-8,-3.6379788E-12
7159.888,-432.88004,-2.6047521E-8,-3.6379788E-12
7195.9287,-432.88004,-2.6178636E-8,-3.6379788E-12
7231.838,-432.88004,-2.6309273E-8,-3.6379788E-12
7267.5635,-432.88004,-2.6439242E-8,-3.6379788E-12
7303.113,-432.88004,-2.656857E-8,-3.6379788E-12
7338.5386,-432.88004,-2.6697448E-8,-3.6379788E-12
7373.755,-432.88004,-2.6825564E-8,-3.6379788E-12
7408.889,-432.88004,-2.6953382E-8,-3.6379788E-12
7443.929,-432.88004,-2.7080857E-8,-3.6379788E-12
7478.753,-432.88004,-2.7207545E-8,-3.6379788E-12
7513.514,-432.88004,-2.7334005E-8,-3.6379788E-12
7548.2026,-432.88004,-2.7460201E-8,-3.6379788E-12
7582.781,-432.88004,-2.7585996E-8,-3.6379788E-12
7617.2134,-432.88004,-2.771126E-8,-3.6379788E-12
7651.536,-432.88004,-2.7836126E-8,-3.6379788E-12
7685.71,-432.88004,-2.796045E-8,-3.6379788E-12
7719.8027,-432.88004,-2.8084479E-8,-3.6379788E-12
7753.761,-432.88004,-2.8208019E-8,-3.6379788E-12
7787.6216,-432.88004,-2.8331202E-8,-3.6379788E-12
7821.414,-432.88004,-2.8454139E-8,-3.6379788E-12
7855.184,-432.88004,-2.8576993E-8,-3.6379788E-12
7888.9,-432.88004,-2.869965E-8,-3.6379788E-12
7922.5986,-432.88004,-2.8822246E-8,-3.6379788E-12
7956.2207,-432.88004,-2.8944562E-8,-3.6379788E-12
7989.7803,-432.88004,-2.9066651E-8,-3.6379788E-12
8023.3315,-432.88004,-2.918871E-8,-3.6379788E-12
8056.8716,-432.88004,-2.9310728E-8,-3.6379788E-12
8090.414,-432.88004,-2.9432755E-8,-3.6379788E-12
8123.9365,-432.88004,-2.9554709E-8,-3.6379788E-12
8157.475,-432.88004,-2.9676722E-8,-3.6379788E-12
8191.0103,-432.88004,-2.9798722E-8,-3.6379788E-12
8224.486,-432.88004,-2.9920507E-8,-3.6379788E-12
8257.965,-432.88004,-3.00423E-8,-3.6379788E-12
8291.469,-432.88004,-3.0164188E-8,-3.6379788E-12
8324.934,-432.88004,-3.0285932E-8,-3.6379788E-12
8358.366,-432.88004,-3.040756E-8,-3.6379788E-12
8391.779,-432.88004,-3.0529115E-8,-3.6379788E-12
8425.148,-432.88004,-3.065051E-8,-3.6379788E-12
8459.487,-432.88004,-3.0775436E-8,-3.6379788E-12
8492.789,-432.88004,-3.0896587E-8,-3.6379788E-12
8526.083,-432.88004,-3.101771E-8,-3.6379788E-12
8559.398,-432.88004,-3.113891E-8,-3.6379788E-12
8592.748,-432.88004,-3.1260235E-8,-3.6379788E-12
8626.112,-432.88004,-3.1381614E-8,-3.6379788E-12
8659.489,-432.88004,-3.150304E-8,-3.6379788E-12
8692.813,-432.88004,-3.162427E-8,-3.6379788E-12
8726.077,-432.88004,-3.1745284E-8,-3.6379788E-12
8759.33,-432.88004,-3.1866257E-8,-3.6379788E-12
8792.521,-432.88004,-3.1987007E-8,-3.6379788E-12
8825.703,-432.88004,-3.210772E-8,-3.6379788E-12
8858.926,-432.88004,-3.2228584E-8,-3.6379788E-12
8892.119,-432.88004,-3.234934E-8,-3.6379788E-12
8925.3,-432.88004,-3.247005E-8,-3.6379788E-12
8958.472,-432.88004,-3.259073E-8,-3.6379788E-12
8991.693,-432.88004,-3.271159E-8,-3.6379788E-12
9024.926,-432.88004,-3.283249E-8,-3.6379788E-12
9058.123,-432.88004,-3.295326E-8,-3.6379788E-12
9091.265,-432.88004,-3.3073828E-8,-3.6379788E-12
9124.444,-432.88004,-3.3194535E-8,-3.6379788E-12
9157.567,-432.88004,-3.3315036E-8,-3.6379788E-12
9190.713,-432.88004,-3.343562E-8,-3.6379788E-12
9223.794,-432.88004,-3.3555967E-8,-3.6379788E-12
9256.839,-432.88004,-3.3676184E-8,-3.6379788E-12
9289.897,-432.88004,-3.379645E-8,-3.6379788E-12
9322.916,-432.88004,-3.391657E-8,-3.6379788E-12
9355.893,-432.88004,-3.403654E-8,-3.6379788E-12
9388.905,-432.88004,-3.415664E-8,-3.6379788E-12
9421.914,-432.88004,-3.4276724E-8,-3.6379788E-12
9454.916,-432.88004,-3.4396784E-8,-3.6379788E-12
9487.915,-432.88004,-3.4516834E-8,-3.6379788E-12
9520.89,-432.88004,-3.4636795E-8,-3.6379788E-12
9553.848,-432.88004,-3.4756695E-8,-3.6379788E-12
9586.816,-432.88004,-3.4876635E-8,-3.6379788E-12
9619.741,-432.88004,-3.4996415E-8,-3.6379788E-12
9652.674,-432.88004,-3.5116223E-8,-3.6379788E-12
9685.612,-432.88004,-3.5236052E-8,-3.6379788E-12
9718.476,-432.88004,-3.5355608E-8,-3.6379788E-12
9751.358,-432.88004,-3.5475235E-8,-3.6379788E-12
9784.206,-432.88004,-3.5594734E-8,-3.6379788E-12
9817.069,-432.88004,-3.571429E-8,-3.6379788E-12
9849.915,-432.88004,-3.5833782E-8,-3.6379788E-12
9882.761,-432.88004,-3.5953274E-8,-3.6379788E-12
9915.594,-432.88004,-3.607272E-8,-3.6379788E-12
9948.43,-432.88004,-3.6192176E-8,-3.6379788E-12
9981.236,-432.88004,-3.6311526E-8,-3.6379788E-12
10014.047,-432.88004,-3.643089E-8,-3.6379788E-12
10046.87,-432.88004,-3.65503E-8,-3.6379788E-12
10079.688,-432.88004,-3.6669693E-8,-3.6379788E-12
10112.506,-432.88004,-3.6789082E-8,-3.6379788E-12
10145.288,-432.88004,-3.6908343E-8,-3.6379788E-12
10178.128,-432.88004,-3.7027814E-8,-3.6379788E-12
10210.986,-432.88004,-3.7147352E-8,-3.6379788E-12
10243.844,-432.88004,-3.7266886E-8,-3.6379788E-12
10276.752,-432.88004,-3.7386606E-8,-3.6379788E-12
10309.675,-432.88004,-3.750638E-8,-3.6379788E-12
10342.572,-432.88004,-3.762606E-8,-3.6379788E-12
10375.438,-432.88004,-3.7745625E-8,-3.6379788E-12
10408.238,-432.88004,-3.786495E-8,-3.6379788E-12
10441.007,-432.88004,-3.798416E-8,-3.6379788E-12
10473.75,-432.88004,-3.810328E-8,-3.6379788E-12
10506.471,-432.88004,-3.8222318E-8,-3.6379788E-12
10539.196,-432.88004,-3.8341373E-8,-3.6379788E-12
10571.937,-432.88004,-3.846048E-8,-3.6379788E-12
10604.65,-432.88004,-3.8579493E-8,-3.6379788E-12
10637.332,-432.88004,-3.869839E-8,-3.6379788E-12
10670.075,-432.88004,-3.8817507E-8,-3.6379788E-12
10702.819,-432.88004,-3.893663E-8,-3.6379788E-12
10735.507,-432.88004,-3.9055546E-8,-3.6379788E-12
10768.202,-432.88004,-3.917449E-8,-3.6379788E-12
10800.929,-432.88004,-3.929355E-8,-3.6379788E-12
10833.629,-432.88004,-3.9412512E-8,-3.6379788E-12
10866.292,-432.88004,-3.953134E-8,-3.6379788E-12
10899.0205,-432.88004,-3.9650406E-8,-3.6379788E-12
10931.723,-432.88004,-3.9769375E-8,-3.6379788E-12
10964.384,-432.88004,-3.9888196E-8,-3.6379788E-12
10997.089,-432.88004,-4.0007176E-8,-3.6379788E-12
11029.812,-432.88004,-4.012622E-8,-3.6379788E-12
11062.499,-432.88004,-4.0245137E-8,-3.6379788E-12
11095.184,-432.88004,-4.0364043E-8,-3.6379788E-12
11127.868,-432.88004,-4.048295E-8,-3.6379788E-12
11160.551,-432.88004,-4.0601847E-8,-3.6379788E-12
11193.205,-432.88004,-4.0720643E-8,-3.6379788E-12
11225.856,-432.88004,-4.0839428E-8,-3.6379788E-12
11258.536,-432.88004,-4.0958316E-8,-3.6379788E-12
11291.17,-432.88004,-4.1077037E-8,-3.6379788E-12
11323.78,-432.88004,-4.1195673E-8,-3.6379788E-12
11356.353,-432.88004,-4.131417E-8,-3.6379788E-12
11388.89,-432.88004,-4.143254E-8,-3.6379788E-12
11421.371,-432.88004,-4.1550706E-8,-3.6379788E-12
11453.864,-432.88004,-4.1668915E-8,-3.6379788E-12
11486.338,-432.88004,-4.1787054E-8,-3.6379788E-12
11518.741,-432.88004,-4.1904936E-8,-3.6379788E-12
11551.13,-432.88004,-4.2022766E-8,-3.6379788E-12
11583.535,-432.88004,-4.2140655E-8,-3.6379788E-12
11615.953,-432.88004,-4.225859E-8,-3.6379788E-12
11648.392,-432.88004,-4.2376602E-8,-3.6379788E-12
11680.876,-432.88004,-4.249478E-8,-3.6379788E-12
11713.399,-432.88004,-4.26131E-8,-3.6379788E-12
11745.838,-432.88004,-4.273111E-8,-3.6379788E-12
11778.302,-432.88004,-4.2849212E-8,-3.6379788E-12
11810.806,-432.88004,-4.296746E-8,-3.6379788E-12
11843.367,-432.88004,-4.308592E-8,-3.6379788E-12
11875.981,-432.88004,-4.320457E-8,-3.6379788E-12
11908.527,-432.88004,-4.332297E-8,-3.6379788E-12
11941.039,-432.88004,-4.3441247E-8,-3.6379788E-12
11973.562,-432.88004,-4.3559563E-8,-3.6379788E-12
12006.103,-432.88004,-4.3677947E-8,-3.6379788E-12
12038.634,-432.88004,-4.3796295E-8,-3.6379788E-12
12071.194,-432.88004,-4.391475E-8,-3.6379788E-12
12103.711,-432.88004,-4.4033044E-8,-3.6379788E-12
12136.235,-432.88004,-4.4151367E-8,-3.6379788E-12
12168.77,-432.88004,-4.4269726E-8,-3.6379788E-12
12201.342,-432.88004,-4.4388223E-8,-3.6379788E-12
12233.938,-432.88004,-4.450681E-8,-3.6379788E-12
12266.456,-432.88004,-4.4625107E-8,-3.6379788E-12
12299.013,-432.88004,-4.4743548E-8,-3.6379788E-12
12331.58,-432.88004,-4.4862027E-8,-3.6379788E-12
12364.137,-432.88004,-4.4980467E-8,-3.6379788E-12
12396.738,-432.88004,-4.509907E-8,-3.6379788E-12
12429.403,-432.88004,-4.5217906E-8,-3.6379788E-12
12462.068,-432.88004,-4.533674E-8,-3.6379788E-12
12494.789,-432.88004,-4.5455778E-8,-3.6379788E-12
12527.508,-432.88004,-4.5574808E-8,-3.6379788E-12
12560.184,-432.88004,-4.569368E-8,-3.6379788E-12
12592.8955,-432.88004,-4.5812687E-8,-3.6379788E-12
12625.58,-432.88004,-4.5931593E-8,-3.6379788E-12
12658.307,-432.88004,-4.605065E-8,-3.6379788E-12
12691.024,-432.88004,-4.6169678E-8,-3.6379788E-12
12724.58,-432.88004,-4.6291753E-8,-3.6379788E-12
12757.505,-432.88004,-4.6411532E-8,-3.6379788E-12
12790.44,-432.88004,-4.653135E-8,-3.6379788E-12
12823.42,-432.88004,-4.665133E-8,-3.6379788E-12
12856.373,-432.88004,-4.6771213E-8,-3.6379788E-12
12889.352,-432.88004,-4.6891188E-8,-3.6379788E-12
12922.214,-432.88004,-4.701074E-8,-3.6379788E-12
12955.078,-432.88004,-4.71303E-8,-3.6379788E-12
12987.9,-432.88004,-4.7249706E-8,-3.6379788E-12
13020.711,-432.88004,-4.736907E-8,-3.6379788E-12
13053.518,-432.88004,-4.748842E-8,-3.6379788E-12
13086.347,-432.88004,-4.7607852E-8,-3.6379788E-12
13119.092,-432.88004,-4.7726978E-8,-3.6379788E-12
13151.743,-432.88004,-4.7845763E-8,-3.6379788E-12
13184.377,-432.88004,-4.7964484E-8,-3.6379788E-12
13216.973,-432.88004,-4.8083066E-8,-3.6379788E-12
13249.585,-432.88004,-4.820171E-8,-3.6379788E-12
13282.172,-432.88004,-4.832026E-8,-3.6379788E-12
13314.665,-432.88004,-4.843847E-8,-3.6379788E-12
13347.207,-432.88004,-4.8556856E-8,-3.6379788E-12
13379.704,-432.88004,-4.867508E-8,-3.6379788E-12
13412.13,-432.88004,-4.8793044E-8,-3.6379788E-12
13444.584,-432.88004,-4.891111E-8,-3.6379788E-12
13477.038,-432.88004,-4.902918E-8,-3.6379788E-12
13509.447,-432.88004,-4.9147083E-8,-3.6379788E-12
13541.825,-432.88004,-4.9264873E-8,-3.6379788E-12
13574.17,-432.88004,-4.9382542E-8,-3.6379788E-12
13606.603,-432.88004,-4.950053E-8,-3.6379788E-12
13639.096,-432.88004,-4.961874E-8,-3.6379788E-12
13671.661,-432.88004,-4.9737213E-8,-3.6379788E-12
13704.274,-432.88004,-4.985586E-8,-3.6379788E-12
13736.846,-432.88004,-4.9974354E-8,-3.6379788E-12
13769.422,-432.88004,-5.0092865E-8,-3.6379788E-12
13801.918,-432.88004,-5.0211085E-8,-3.6379788E-12
13834.419,-432.88004,-5.0329323E-8,-3.6379788E-12
13866.9375,-432.88004,-5.0447625E-8,-3.6379788E-12
13899.453,-432.88004,-5.0565916E-8,-3.6379788E-12
13931.925,-432.88004,-5.0684047E-8,-3.6379788E-12
13964.428,-432.88004,-5.0802292E-8,-3.6379788E-12
13997.036,-432.88004,-5.092092E-8,-3.6379788E-12
14029.654,-432.88004,-5.1039585E-8,-3.6379788E-12
14062.292,-432.88004,-5.115832E-8,-3.6379788E-12
14094.984,-432.88004,-5.1277254E-8,-3.6379788E-12
14127.74,-432.88004,-5.139642E-8,-3.6379788E-12
14160.492,-432.88004,-5.151557E-8,-3.6379788E-12
14193.261,-432.88004,-5.1634782E-8,-3.6379788E-12
14225.945,-432.88004,-5.1753688E-8,-3.6379788E-12
14258.597,-432.88004,-5.1872473E-8,-3.6379788E-12
14291.23,-432.88004,-5.1991194E-8,-3.6379788E-12
14323.827,-432.88004,-5.210978E-8,-3.6379788E-12
14356.385,-432.88004,-5.2228224E-8,-3.6379788E-12
14388.951,-432.88004,-5.23467E-8,-3.6379788E-12
14421.453,-432.88004,-5.246494E-8,-3.6379788E-12
14453.937,-432.88004,-5.2583115E-8,-3.6379788E-12
14486.431,-432.88004,-5.2701328E-8,-3.6379788E-12
14518.877,-432.88004,-5.2819367E-8,-3.6379788E-12
14551.342,-432.88004,-5.2937473E-8,-3.6379788E-12
14583.832,-432.88004,-5.3055672E-8,-3.6379788E-12
14616.293,-432.88004,-5.3173764E-8,-3.6379788E-12
14648.783,-432.88004,-5.3291963E-8,-3.6379788E-12
14681.3125,-432.88004,-5.3410304E-8,-3.6379788E-12
14713.804,-432.88004,-5.3528506E-8,-3.6379788E-12
14746.306,-432.88004,-5.3646747E-8,-3.6379788E-12
14778.756,-432.88004,-5.37648E-8,-3.6379788E-12
14811.236,-432.88004,-5.3882964E-8,-3.6379788E-12
14843.751,-432.88004,-5.400125E-8,-3.6379788E-12
14876.277,-432.88004,-5.411958E-8,-3.6379788E-12
14908.812,-432.88004,-5.423794E-8,-3.6379788E-12
14941.345,-432.88004,-5.4356295E-8,-3.6379788E-12
14973.84,-432.88004,-5.4474512E-8,-3.6379788E-12
15006.359,-432.88004,-5.4592817E-8,-3.6379788E-12
15038.8955,-432.88004,-5.4711183E-8,-3.6379788E-12
15071.444,-432.88004,-5.4829595E-8,-3.6379788E-12
15103.928,-432.88004,-5.494777E-8,-3.6379788E-12
15136.463,-432.88004,-5.506613E-8,-3.6379788E-12
15169.015,-432.88004,-5.5184554E-8,-3.6379788E-12
15201.574,-432.88004,-5.5303005E-8,-3.6379788E-12
15234.156,-432.88004,-5.5421538E-8,-3.6379788E-12
15266.719,-432.88004,-5.554E-8,-3.6379788E-12
15299.249,-432.88004,-5.5658344E-8,-3.6379788E-12
15331.792,-432.88004,-5.5776734E-8,-3.6379788E-12
15364.425,-432.88004,-5.5895452E-8,-3.6379788E-12
15397.026,-432.88004,-5.6014056E-8,-3.6379788E-12
15429.643,-432.88004,-5.6132713E-8,-3.6379788E-12
15462.229,-432.88004,-5.625126E-8,-3.6379788E-12
15494.784,-432.88004,-5.6369696E-8,-3.6379788E-12
15527.325,-432.88004,-5.648808E-8,-3.6379788E-12
15559.768,-432.88004,-5.6606105E-8,-3.6379788E-12
15592.191,-432.88004,-5.6724062E-8,-3.6379788E-12
15624.644,-432.88004,-5.6842122E-8,-3.6379788E-12
15657.074,-432.88004,-5.6960104E-8,-3.6379788E-12
15689.496,-432.88004,-5.7078054E-8,-3.6379788E-12
15721.851,-432.88004,-5.719576E-8,-3.6379788E-12
15754.222,-432.88004,-5.7313525E-8,-3.6379788E-12
15786.565,-432.88004,-5.743119E-8,-3.6379788E-12
15818.889,-432.88004,-5.754878E-8,-3.6379788E-12
15851.196,-432.88004,-5.7666316E-8,-3.6379788E-12
15883.442,-432.88004,-5.7783627E-8,-3.6379788E-12
15915.746,-432.88004,-5.7901147E-8,-3.6379788E-12
15947.984,-432.88004,-5.801843E-8,-3.6379788E-12
15980.245,-432.88004,-5.8135793E-8,-3.6379788E-12
16012.529,-432.88004,-5.8253242E-8,-3.6379788E-12
16044.81,-432.88004,-5.8370677E-8,-3.6379788E-12
16077.122,-432.88004,-5.848823E-8,-3.6379788E-12
16109.452,-432.88004,-5.8605846E-8,-3.6379788E-12
16141.716,-432.88004,-5.872322E-8,-3.6379788E-12
16174.0,-432.88004,-5.884067E-8,-3.6379788E-12
16206.318,-432.88004,-5.8958243E-8,-3.6379788E-12
16238.664,-432.88004,-5.9075916E-8,-3.6379788E-12
16270.983,-432.88004,-5.9193493E-8,-3.6379788E-12
16303.278,-432.88004,-5.931098E-8,-3.6379788E-12
16335.6455,-432.88004,-5.9428732E-8,-3.6379788E-12
16368.045,-432.88004,-5.95466E-8,-3.6379788E-12
16400.434,-432.88004,-5.966443E-8,-3.6379788E-12
16432.78,-432.88004,-5.97821E-8,-3.6379788E-12
16465.111,-432.88004,-5.9899726E-8,-3.6379788E-12
16497.463,-432.88004,-6.001742E-8,-3.6379788E-12
16529.8,-432.88004,-6.0135065E-8,-3.6379788E-12
16562.139,-432.88004,-6.025271E-8,-3.6379788E-12
16594.498,-432.88004,-6.037043E-8,-3.6379788E-12
16626.846,-432.88004,-6.048811E-8,-3.6379788E-12
16659.145,-432.88004,-6.0605615E-8,-3.6379788E-12
16691.441,-432.88004,-6.072311E-8,-3.6379788E-12
16723.78,-432.88004,-6.0840755E-8,-3.6379788E-12
16756.133,-432.88004,-6.0958456E-8,-3.6379788E-12
16788.514,-432.88004,-6.107626E-8,-3.6379788E-12
16820.83,-432.88004,-6.119382E-8,-3.6379788E-12
16853.14,-432.88004,-6.131137E-8,-3.6379788E-12
16885.473,-432.88004,-6.142899E-8,-3.6379788E-12
16917.756,-432.88004,-6.154644E-8,-3.6379788E-12
16950.023,-432.88004,-6.1663826E-8,-3.6379788E-12
16982.324,-432.88004,-6.1781336E-8,-3.6379788E-12
17014.604,-432.88004,-6.189877E-8,-3.6379788E-12
17046.965,-432.88004,-6.20165E-8,-3.6379788E-12
17079.39,-432.88004,-6.213446E-8,-3.6379788E-12
17111.764,-432.88004,-6.2252234E-8,-3.6379788E-12
17144.152,-432.88004,-6.237006E-8,-3.6379788E-12
17176.557,-432.88004,-6.248795E-8,-3.6379788E-12
17208.953,-432.88004,-6.260581E-8,-3.6379788E-12
17241.41,-432.88004,-6.2723885E-8,-3.6379788E-12
17273.889,-432.88004,-6.284204E-8,-3.6379788E-12
17306.389,-432.88004,-6.2960275E-8,-3.6379788E-12
17338.84,-432.88004,-6.307833E-8,-3.6379788E-12
17371.318,-432.88004,-6.319649E-8,-3.6379788E-12
17403.809,-432.88004,-6.331469E-8,-3.6379788E-12
17436.322,-432.88004,-6.343297E-8,-3.6379788E-12
17468.887,-432.88004,-6.355144E-8,-3.6379788E-12
17501.404,-432.88004,-6.366974E-8,-3.6379788E-12
17533.883,-432.88004,-6.3787894E-8,-3.6379788E-12
17566.385,-432.88004,-6.3906135E-8,-3.6379788E-12
17598.926,-432.88004,-6.402452E-8,-3.6379788E-12
17631.49,-432.88004,-6.414299E-8,-3.6379788E-12
17663.988,-432.88004,-6.4261215E-8,-3.6379788E-12
17696.47,-432.88004,-6.4379385E-8,-3.6379788E-12
17728.973,-432.88004,-6.449763E-8,-3.6379788E-12
17761.504,-432.88004,-6.4615975E-8,-3.6379788E-12
17793.99,-432.88004,-6.473416E-8,-3.6379788E-12
17826.438,-432.88004,-6.48522E-8,-3.6379788E-12
17858.844,-432.88004,-6.4970095E-8,-3.6379788E-12
17891.312,-432.88004,-6.5088216E-8,-3.6379788E-12
17923.818,-432.88004,-6.520647E-8,-3.6379788E-12
17956.354,-432.88004,-6.532483E-8,-3.6379788E-12
17988.916,-432.88004,-6.5443295E-8,-3.6379788E-12
18021.424,-432.88004,-6.556156E-8,-3.6379788E-12
18053.965,-432.88004,-6.567994E-8,-3.6379788E-12
18086.465,-432.88004,-6.5798176E-8,-3.6379788E-12
18118.98,-432.88004,-6.591647E-8,-3.6379788E-12
18151.516,-432.88004,-6.603483E-8,-3.6379788E-12
18184.057,-432.88004,-6.615321E-8,-3.6379788E-12
18216.656,-432.88004,-6.627181E-8,-3.6379788E-12
18249.299,-432.88004,-6.639056E-8,-3.6379788E-12
18281.965,-432.88004,-6.65094E-8,-3.6379788E-12
18314.605,-432.88004,-6.662815E-8,-3.6379788E-12
18347.264,-432.88004,-6.6746956E-8,-3.6379788E-12
18379.871,-432.88004,-6.686558E-8,-3.6379788E-12
18412.445,-432.88004,-6.6984086E-8,-3.6379788E-12
18445.014,-432.88004,-6.710257E-8,-3.6379788E-12
18477.555,-432.88004,-6.722095E-8,-3.6379788E-12
18510.096,-432.88004,-6.7339336E-8,-3.6379788E-12
18542.652,-432.88004,-6.7457776E-8,-3.6379788E-12
18575.219,-432.88004,-6.757625E-8,-3.6379788E-12
18607.793,-432.88004,-6.769476E-8,-3.6379788E-12
18640.428,-432.88004,-6.781348E-8,-3.6379788E-12
18673.04,-432.88004,-6.793212E-8,-3.6379788E-12
18705.715,-432.88004,-6.8050994E-8,-3.6379788E-12
18738.39,-432.88004,-6.816987E-8,-3.6379788E-12
18771.045,-432.88004,-6.8288664E-8,-3.6379788E-12
18803.68,-432.88004,-6.840739E-8,-3.6379788E-12
18836.316,-432.88004,-6.852612E-8,-3.6379788E-12
18868.959,-432.88004,-6.864487E-8,-3.6379788E-12
18901.594,-432.88004,-6.87636E-8,-3.6379788E-12
18934.176,-432.88004,-6.888213E-8,-3.6379788E-12
18966.672,-432.88004,-6.900035E-8,-3.6379788E-12
18999.152,-432.88004,-6.9118514E-8,-3.6379788E-12
19031.682,-432.88004,-6.9236854E-8,-3.6379788E-12
19064.129,-432.88004,-6.93549E-8,-3.6379788E-12
19096.611,-432.88004,-6.947307E-8,-3.6379788E-12
19129.072,-432.88004,-6.959116E-8,-3.6379788E-12
19161.543,-432.88004,-6.970929E-8,-3.6379788E-12
19194.057,-432.88004,-6.982757E-8,-3.6379788E-12
19226.555,-432.88004,-6.99458E-8,-3.6379788E-12
19258.986,-432.88004,-7.0063784E-8,-3.6379788E-12
19291.4,-432.88004,-7.0181706E-8,-3.6379788E-12
19323.807,-432.88004,-7.02996E-8,-3.6379788E-12
19356.207,-432.88004,-7.041747E-8,-3.6379788E-12
19388.572,-432.88004,-7.0535215E-8,-3.6379788E-12
19420.984,-432.88004,-7.065313E-8,-3.6379788E-12
19453.406,-432.88004,-7.077108E-8,-3.6379788E-12
19485.78,-432.88004,-7.088885E-8,-3.6379788E-12
19518.168,-432.88004,-7.100668E-8,-3.6379788E-12
19550.523,-432.88004,-7.112439E-8,-3.6379788E-12
19582.908,-432.88004,-7.1242205E-8,-3.6379788E-12
19615.31,-432.88004,-7.1360084E-8,-3.6379788E-12
19647.736,-432.88004,-7.147805E-8,-3.6379788E-12
19680.182,-432.88004,-7.1596084E-8,-3.6379788E-12
19712.678,-432.88004,-7.1714304E-8,-3.6379788E-12
19745.098,-432.88004,-7.183225E-8,-3.6379788E-12
19777.488,-432.88004,-7.195008E-8,-3.6379788E-12
19809.82,-432.88004,-7.206771E-8,-3.6379788E-12
19842.195,-432.88004,-7.2185486E-8,-3.6379788E-12
19874.549,-432.88004,-7.230319E-8,-3.6379788E-12
19906.883,-432.88004,-7.242082E-8,-3.6379788E-12
19939.215,-432.88004,-7.253844E-8,-3.6379788E-12
19971.496,-432.88004,-7.265588E-8,-3.6379788E-12
20003.793,-432.88004,-7.2773375E-8,-3.6379788E-12
20036.021,-432.88004,-7.289062E-8,-3.6379788E-12
20068.28,-432.88004,-7.3007975E-8,-3.6379788E-12
20100.52,-432.88004,-7.3125264E-8,-3.6379788E-12
20132.81,-432.88004,-7.324274E-8,-3.6379788E-12
20165.041,-432.88004,-7.335999E-8,-3.6379788E-12
20197.262,-432.88004,-7.347721E-8,-3.6379788E-12
20229.512,-432.88004,-7.3594535E-8,-3.6379788E-12
20261.719,-432.88004,-7.37117E-8,-3.6379788E-12
20293.914,-432.88004,-7.382883E-8,-3.6379788E-12
20326.166,-432.88004,-7.394616E-8,-3.6379788E-12
20358.418,-432.88004,-7.406349E-8,-3.6379788E-12
20390.627,-432.88004,-7.418067E-8,-3.6379788E-12
20422.861,-432.88004,-7.429794E-8,-3.6379788E-12
20455.066,-432.88004,-7.44151E-8,-3.6379788E-12
20487.334,-432.88004,-7.453249E-8,-3.6379788E-12
20519.627,-432.88004,-7.464997E-8,-3.6379788E-12
20551.932,-432.88004,-7.476749E-8,-3.6379788E-12
20584.178,-432.88004,-7.48848E-8,-3.6379788E-12
20616.451,-432.88004,-7.500221E-8,-3.6379788E-12
20648.738,-432.88004,-7.511967E-8,-3.6379788E-12
20681.049,-432.88004,-7.523722E-8,-3.6379788E-12
20713.348,-432.88004,-7.535472E-8,-3.6379788E-12
20745.652,-432.88004,-7.5472244E-8,-3.6379788E-12
20777.975,-432.88004,-7.558983E-8,-3.6379788E-12
20810.367,-432.88004,-7.5707675E-8,-3.6379788E-12
20842.828,-432.88004,-7.582577E-8,-3.6379788E-12
20875.303,-432.88004,-7.594391E-8,-3.6379788E-12
20907.79,-432.88004,-7.606209E-8,-3.6379788E-12
20940.26,-432.88004,-7.618022E-8,-3.6379788E-12
20972.705,-432.88004,-7.629826E-8,-3.6379788E-12
21005.15,-432.88004,-7.641629E-8,-3.6379788E-12
21037.578,-432.88004,-7.653426E-8,-3.6379788E-12
21069.922,-432.88004,-7.665193E-8,-3.6379788E-12
21102.252,-432.88004,-7.6769545E-8,-3.6379788E-12
21134.633,-432.88004,-7.6887346E-8,-3.6379788E-12
21166.979,-432.88004,-7.700502E-8,-3.6379788E-12
21199.37,-432.88004,-7.7122856E-8,-3.6379788E-12
21231.76,-432.88004,-7.724069E-8,-3.6379788E-12
21264.145,-432.88004,-7.735851E-8,-3.6379788E-12
21296.527,-432.88004,-7.7476315E-8,-3.6379788E-12
21328.805,-432.88004,-7.759374E-8,-3.6379788E-12
21361.098,-432.88004,-7.771122E-8,-3.6379788E-12
21393.467,-432.88004,-7.782898E-8,-3.6379788E-12
21425.871,-432.88004,-7.7946865E-8,-3.6379788E-12
21458.28,-432.88004,-7.8064765E-8,-3.6379788E-12
21490.738,-432.88004,-7.818285E-8,-3.6379788E-12
21523.234,-432.88004,-7.830107E-8,-3.6379788E-12
21555.758,-432.88004,-7.841939E-8,-3.6379788E-12
21588.258,-432.88004,-7.8537624E-8,-3.6379788E-12
21620.771,-432.88004,-7.865591E-8,-3.6379788E-12
21653.291,-432.88004,-7.8774214E-8,-3.6379788E-12
21685.791,-432.88004,-7.889245E-8,-3.6379788E-12
21718.305,-432.88004,-7.901073E-8,-3.6379788E-12
21750.85,-432.88004,-7.912913E-8,-3.6379788E-12
21783.393,-432.88004,-7.924752E-8,-3.6379788E-12
21815.879,-432.88004,-7.9365705E-8,-3.6379788E-12
21848.299,-432.88004,-7.948365E-8,-3.6379788E-12
21880.736,-432.88004,-7.9601655E-8,-3.6379788E-12
21913.117,-432.88004,-7.9719456E-8,-3.6379788E-12
21945.58,-432.88004,-7.9837555E-8,-3.6379788E-12
21978.012,-432.88004,-7.995554E-8,-3.6379788E-12
22010.459,-432.88004,-8.007358E-8,-3.6379788E-12
22042.93,-432.88004,-8.019171E-8,-3.6379788E-12
22075.373,-432.88004,-8.030974E-8,-3.6379788E-12
22107.75,-432.88004,-8.0427526E-8,-3.6379788E-12
22140.146,-432.88004,-8.0545384E-8,-3.6379788E-12
22172.559,-432.88004,-8.06633E-8,-3.6379788E-12
22204.98,-432.88004,-8.078125E-8,-3.6379788E-12
22237.465,-432.88004,-8.0899426E-8,-3.6379788E-12
22269.969,-432.88004,-8.1017674E-8,-3.6379788E-12
22302.473,-432.88004,-8.113592E-8,-3.6379788E-12
22335.084,-432.88004,-8.125456E-8,-3.6379788E-12
22367.709,-432.88004,-8.137325E-8,-3.6379788E-12
22400.307,-432.88004,-8.149184E-8,-3.6379788E-12
22432.86,-432.88004,-8.161027E-8,-3.6379788E-12
22465.393,-432.88004,-8.172862E-8,-3.6379788E-12
22497.863,-432.88004,-8.184675E-8,-3.6379788E-12
22530.352,-432.88004,-8.196494E-8,-3.6379788E-12
22562.83,-432.88004,-8.20831E-8,-3.6379788E-12
22595.236,-432.88004,-8.220099E-8,-3.6379788E-12
22627.676,-432.88004,-8.2319005E-8,-3.6379788E-12
22660.217,-432.88004,-8.243739E-8,-3.6379788E-12
22692.674,-432.88004,-8.255547E-8,-3.6379788E-12
22725.086,-432.88004,-8.267338E-8,-3.6379788E-12
22757.52,-432.88004,-8.2791374E-8,-3.6379788E-12
22789.93,-432.88004,-8.290928E-8,-3.6379788E-12
22822.309,-432.88004,-8.3027075E-8,-3.6379788E-12
22854.723,-432.88004,-8.3145E-8,-3.6379788E-12
22887.148,-432.88004,-8.326296E-8,-3.6379788E-12
22919.584,-432.88004,-8.338096E-8,-3.6379788E-12
22952.041,-432.88004,-8.349904E-8,-3.6379788E-12
22984.514,-432.88004,-8.3617174E-8,-3.6379788E-12
23016.947,-432.88004,-8.3735166E-8,-3.6379788E-12
23049.385,-432.88004,-8.385317E-8,-3.6379788E-12
23081.75,-432.88004,-8.397092E-8,-3.6379788E-12
23114.12,-432.88004,-8.4088676E-8,-3.6379788E-12
23146.492,-432.88004,-8.420645E-8,-3.6379788E-12
23178.879,-432.88004,-8.432427E-8,-3.6379788E-12
23211.334,-432.88004,-8.444234E-8,-3.6379788E-12
23243.803,-432.88004,-8.456046E-8,-3.6379788E-12
23276.264,-432.88004,-8.4678554E-8,-3.6379788E-12
23308.705,-432.88004,-8.4796575E-8,-3.6379788E-12
23341.18,-432.88004,-8.491472E-8,-3.6379788E-12
23373.652,-432.88004,-8.503285E-8,-3.6379788E-12
23406.168,-432.88004,-8.515114E-8,-3.6379788E-12
23438.682,-432.88004,-8.526943E-8,-3.6379788E-12
23471.223,-432.88004,-8.538781E-8,-3.6379788E-12
23503.684,-432.88004,-8.55059E-8,-3.6379788E-12
23536.154,-432.88004,-8.562403E-8,-3.6379788E-12
23568.621,-432.88004,-8.5742144E-8,-3.6379788E-12
23601.098,-432.88004,-8.586029E-8,-3.6379788E-12
23633.6,-432.88004,-8.5978535E-8,-3.6379788E-12
23666.031,-432.88004,-8.609652E-8,-3.6379788E-12
23698.49,-432.88004,-8.6214605E-8,-3.6379788E-12
23730.965,-432.88004,-8.633275E-8,-3.6379788E-12
23763.496,-432.88004,-8.6451095E-8,-3.6379788E-12
23795.996,-432.88004,-8.656933E-8,-3.6379788E-12
23828.496,-432.88004,-8.6687564E-8,-3.6379788E-12
23860.988,-432.88004,-8.680577E-8,-3.6379788E-12
23893.477,-432.88004,-8.692396E-8,-3.6379788E-12
23926.002,-432.88004,-8.704229E-8,-3.6379788E-12
23958.438,-432.88004,-8.716029E-8,-3.6379788E-12
23990.873,-432.88004,-8.727829E-8,-3.6379788E-12
24023.27,-432.88004,-8.7396145E-8,-3.6379788E-12
24055.678,-432.88004,-8.7514046E-8,-3.6379788E-12
24088.055,-432.88004,-8.763183E-8,-3.6379788E-12
24120.467,-432.88004,-8.774975E-8,-3.6379788E-12
24152.896,-432.88004,-8.7867726E-8,-3.6379788E-12
24185.32,-432.88004,-8.798568E-8,-3.6379788E-12
24217.73,-432.88004,-8.810359E-8,-3.6379788E-12
24250.13,-432.88004,-8.822146E-8,-3.6379788E-12
24282.654,-432.88004,-8.833978E-8,-3.6379788E-12
24315.186,-432.88004,-8.845813E-8,-3.6379788E-12
24347.646,-432.88004,-8.857622E-8,-3.6379788E-12
24380.13,-432.88004,-8.86944E-8,-3.6379788E-12
24412.623,-432.88004,-8.8812605E-8,-3.6379788E-12
24445.133,-432.88004,-8.8930875E-8,-3.6379788E-12
24477.66,-432.88004,-8.904921E-8,-3.6379788E-12
24510.197,-432.88004,-8.916758E-8,-3.6379788E-12
24542.748,-432.88004,-8.9286E-8,-3.6379788E-12
24575.266,-432.88004,-8.9404296E-8,-3.6379788E-12
24607.79,-432.88004,-8.9522615E-8,-3.6379788E-12
24640.312,-432.88004,-8.9640935E-8,-3.6379788E-12
24672.86,-432.88004,-8.975934E-8,-3.6379788E-12
24705.418,-432.88004,-8.987779E-8,-3.6379788E-12
24737.951,-432.88004,-8.999614E-8,-3.6379788E-12
24770.514,-432.88004,-9.0114604E-8,-3.6379788E-12
24803.064,-432.88004,-9.023302E-8,-3.6379788E-12
24835.627,-432.88004,-9.0351485E-8,-3.6379788E-12
24868.248,-432.88004,-9.047016E-8,-3.6379788E-12
24900.879,-432.88004,-9.058887E-8,-3.6379788E-12
24933.508,-432.88004,-9.070757E-8,-3.6379788E-12
24966.148,-432.88004,-9.082632E-8,-3.6379788E-12
24998.824,-432.88004,-9.094519E-8,-3.6379788E-12
25031.465,-432.88004,-9.106394E-8,-3.6379788E-12
25064.064,-432.88004,-9.1182535E-8,-3.6379788E-12
25096.717,-432.88004,-9.1301324E-8,-3.6379788E-12
25129.4,-432.88004,-9.1420226E-8,-3.6379788E-12
25162.086,-432.88004,-9.1539135E-8,-3.6379788E-12
25194.754,-432.88004,-9.165798E-8,-3.6379788E-12
25227.426,-432.88004,-9.177684E-8,-3.6379788E-12
25260.115,-432.88004,-9.1895764E-8,-3.6379788E-12
25292.814,-432.88004,-9.201472E-8,-3.6379788E-12
25325.44,-432.88004,-9.213341E-8,-3.6379788E-12
25357.996,-432.88004,-9.225185E-8,-3.6379788E-12
25390.584,-432.88004,-9.2370406E-8,-3.6379788E-12
25423.184,-432.88004,-9.2489E-8,-3.6379788E-12
25455.814,-432.88004,-9.260771E-8,-3.6379788E-12
25488.498,-432.88004,-9.2726616E-8,-3.6379788E-12
25521.084,-432.88004,-9.284516E-8,-3.6379788E-12
25553.63,-432.88004,-9.296357E-8,-3.6379788E-12
25586.258,-432.88004,-9.3082264E-8,-3.6379788E-12
25618.904,-432.88004,-9.320103E-8,-3.6379788E-12
25651.504,-432.88004,-9.331963E-8,-3.6379788E-12
25684.082,-432.88004,-9.3438146E-8,-3.6379788E-12
25716.625,-432.88004,-9.355654E-8,-3.6379788E-12
25749.197,-432.88004,-9.3675034E-8,-3.6379788E-12
25781.793,-432.88004,-9.3793616E-8,-3.6379788E-12
25814.42,-432.88004,-9.391231E-8,-3.6379788E-12
25847.01,-432.88004,-9.4030874E-8,-3.6379788E-12
25879.615,-432.88004,-9.414949E-8,-3.6379788E-12
25912.191,-432.88004,-9.4268E-8,-3.6379788E-12
25944.793,-432.88004,-9.438661E-8,-3.6379788E-12
25977.428,-432.88004,-9.450533E-8,-3.6379788E-12
26010.02,-432.88004,-9.46239E-8,-3.6379788E-12
26042.629,-432.88004,-9.474253E-8,-3.6379788E-12
26075.25,-432.88004,-9.486121E-8,-3.6379788E-12
26107.87,-432.88004,-9.4979875E-8,-3.6379788E-12
26140.48,-432.88004,-9.5098514E-8,-3.6379788E-12
26173.094,-432.88004,-9.521716E-8,-3.6379788E-12
26205.725,-432.88004,-9.533587E-8,-3.6379788E-12
26238.459,-432.88004,-9.545496E-8,-3.6379788E-12
26271.186,-432.88004,-9.5574016E-8,-3.6379788E-12
26303.887,-432.88004,-9.569298E-8,-3.6379788E-12
26336.541,-432.88004,-9.581178E-8,-3.6379788E-12
26369.229,-432.88004,-9.5930694E-8,-3.6379788E-12
26401.908,-432.88004,-9.604958E-8,-3.6379788E-12
26434.557,-432.88004,-9.616836E-8,-3.6379788E-12
26467.236,-432.88004,-9.6287245E-8,-3.6379788E-12
26499.816,-432.88004,-9.640577E-8,-3.6379788E-12
26532.38,-432.88004,-9.652424E-8,-3.6379788E-12
26564.889,-432.88004,-9.66425E-8,-3.6379788E-12
26597.373,-432.88004,-9.676068E-8,-3.6379788E-12
26629.846,-432.88004,-9.6878814E-8,-3.6379788E-12
26662.348,-432.88004,-9.6997056E-8,-3.6379788E-12
26694.84,-432.88004,-9.711526E-8,-3.6379788E-12
26727.375,-432.88004,-9.7233624E-8,-3.6379788E-12
26759.922,-432.88004,-9.735203E-8,-3.6379788E-12
26792.475,-432.88004,-9.7470455E-8,-3.6379788E-12
26825.057,-432.88004,-9.758899E-8,-3.6379788E-12
26857.652,-432.88004,-9.770757E-8,-3.6379788E-12
26890.238,-432.88004,-9.782612E-8,-3.6379788E-12
26922.838,-432.88004,-9.7944714E-8,-3.6379788E-12
26955.414,-432.88004,-9.8063225E-8,-3.6379788E-12
26988.021,-432.88004,-9.818185E-8,-3.6379788E-12
27020.63,-432.88004,-9.830048E-8,-3.6379788E-12
27053.299,-432.88004,-9.841933E-8,-3.6379788E-12
27085.934,-432.88004,-9.853805E-8,-3.6379788E-12
27118.564,-432.88004,-9.865676E-8,-3.6379788E-12
27151.193,-432.88004,-9.8775466E-8,-3.6379788E-12
27183.846,-432.88004,-9.8894255E-8,-3.6379788E-12
27216.516,-432.88004,-9.901311E-8,-3.6379788E-12
27249.098,-432.88004,-9.913164E-8,-3.6379788E-12
27281.688,-432.88004,-9.92502E-8,-3.6379788E-12
27314.254,-432.88004,-9.936868E-8,-3.6379788E-12
27346.79,-432.88004,-9.948704E-8,-3.6379788E-12
27379.264,-432.88004,-9.960518E-8,-3.6379788E-12
27411.783,-432.88004,-9.9723486E-8,-3.6379788E-12
27444.299,-432.88004,-9.984178E-8,-3.6379788E-12
27476.885,-432.88004,-9.9960324E-8,-3.6379788E-12
27509.477,-432.88004,-1.0007889E-7,-3.6379788E-12
27542.053,-432.88004,-1.00197404E-7,-3.6379788E-12
27574.648,-432.88004,-1.0031599E-7,-3.6379788E-12
27607.31,-432.88004,-1.0043481E-7,-3.6379788E-12
27640.037,-432.88004,-1.0055387E-7,-3.6379788E-12
27672.785,-432.88004,-1.00673006E-7,-3.6379788E-12
27705.549,-432.88004,-1.007922E-7,-3.6379788E-12
27738.328,-432.88004,-1.0091145E-7,-3.6379788E-12
27771.127,-432.88004,-1.0103077E-7,-3.6379788E-12
27803.93,-432.88004,-1.0115011E-7,-3.6379788E-12
27836.703,-432.88004,-1.01269336E-7,-3.6379788E-12
27869.48,-432.88004,-1.0138858E-7,-3.6379788E-12
27902.26,-432.88004,-1.0150783E-7,-3.6379788E-12
27935.014,-432.88004,-1.0162699E-7,-3.6379788E-12
27967.777,-432.88004,-1.0174618E-7,-3.6379788E-12
28000.56,-432.88004,-1.01865446E-7,-3.6379788E-12
28033.36,-432.88004,-1.0198477E-7,-3.6379788E-12
28066.166,-432.88004,-1.0210412E-7,-3.6379788E-12
28098.975,-432.88004,-1.02223474E-7,-3.6379788E-12
28131.777,-432.88004,-1.0234281E-7,-3.6379788E-12
28164.549,-432.88004,-1.0246203E-7,-3.6379788E-12
28197.283,-432.88004,-1.0258112E-7,-3.6379788E-12
28230.033,-432.88004,-1.0270026E-7,-3.6379788E-12
28262.75,-432.88004,-1.02819286E-7,-3.6379788E-12
28295.516,-432.88004,-1.02938486E-7,-3.6379788E-12
28328.248,-432.88004,-1.03057566E-7,-3.6379788E-12
28360.984,-432.88004,-1.0317666E-7,-3.6379788E-12
28393.715,-432.88004,-1.0329573E-7,-3.6379788E-12
28426.451,-432.88004,-1.0341483E-7,-3.6379788E-12
28459.2,-432.88004,-1.03533964E-7,-3.6379788E-12
28491.889,-432.88004,-1.0365289E-7,-3.6379788E-12
28524.586,-432.88004,-1.0377184E-7,-3.6379788E-12
28557.291,-432.88004,-1.0389082E-7,-3.6379788E-12
28590.05,-432.88004,-1.0401E-7,-3.6379788E-12
28622.766,-432.88004,-1.04129015E-7,-3.6379788E-12
28655.49,-432.88004,-1.04248066E-7,-3.6379788E-12
28688.23,-432.88004,-1.04367174E-7,-3.6379788E-12
28721.008,-432.88004,-1.0448642E-7,-3.6379788E-12
28753.705,-432.88004,-1.0460537E-7,-3.6379788E-12
28786.426,-432.88004,-1.0472441E-7,-3.6379788E-12
28819.188,-432.88004,-1.0484359E-7,-3.6379788E-12
28851.889,-432.88004,-1.0496256E-7,-3.6379788E-12
28884.523,-432.88004,-1.05081284E-7,-3.6379788E-12
28917.125,-432.88004,-1.0519989E-7,-3.6379788E-12
28949.709,-432.88004,-1.0531843E-7,-3.6379788E-12
28982.314,-432.88004,-1.05437046E-7,-3.6379788E-12
29014.861,-432.88004,-1.0555545E-7,-3.6379788E-12
29047.389,-432.88004,-1.05673784E-7,-3.6379788E-12
29079.918,-432.88004,-1.05792125E-7,-3.6379788E-12
29112.47,-432.88004,-1.0591055E-7,-3.6379788E-12
29144.992,-432.88004,-1.06028864E-7,-3.6379788E-12
29177.525,-432.88004,-1.0614722E-7,-3.6379788E-12
29210.084,-432.88004,-1.0626567E-7,-3.6379788E-12
29242.664,-432.88004,-1.0638419E-7,-3.6379788E-12
29275.264,-432.88004,-1.0650279E-7,-3.6379788E-12
29307.898,-432.88004,-1.0662151E-7,-3.6379788E-12
29340.426,-432.88004,-1.0673985E-7,-3.6379788E-12
29372.955,-432.88004,-1.0685819E-7,-3.6379788E-12
29405.451,-432.88004,-1.0697641E-7,-3.6379788E-12
29437.93,-432.88004,-1.07094564E-7,-3.6379788E-12
29470.387,-432.88004,-1.0721264E-7,-3.6379788E-12
29502.87,-432.88004,-1.0733081E-7,-3.6379788E-12
29535.377,-432.88004,-1.07449075E-7,-3.6379788E-12
29567.836,-432.88004,-1.0756716E-7,-3.6379788E-12
29600.31,-432.88004,-1.076853E-7,-3.6379788E-12
29632.762,-432.88004,-1.0780336E-7,-3.6379788E-12
29665.229,-432.88004,-1.0792147E-7,-3.6379788E-12
29697.709,-432.88004,-1.08039636E-7,-3.6379788E-12
29730.115,-432.88004,-1.0815753E-7,-3.6379788E-12
29762.512,-432.88004,-1.0827539E-7,-3.6379788E-12
29794.91,-432.88004,-1.0839325E-7,-3.6379788E-12
29827.342,-432.88004,-1.0851124E-7,-3.6379788E-12
29859.742,-432.88004,-1.0862911E-7,-3.6379788E-12
29892.117,-432.88004,-1.0874689E-7,-3.6379788E-12
29924.46,-432.88004,-1.08864555E-7,-3.6379788E-12
29956.803,-432.88004,-1.0898221E-7,-3.6379788E-12
29989.121,-432.88004,-1.0909979E-7,-3.6379788E-12
30021.383,-432.88004,-1.09217154E-7,-3.6379788E-12
30053.717,-432.88004,-1.09334785E-7,-3.6379788E-12
30086.047,-432.88004,-1.094524E-7,-3.6379788E-12
30118.39,-432.88004,-1.0957007E-7,-3.6379788E-12
30150.678,-432.88004,-1.0968753E-7,-3.6379788E-12
30182.965,-432.88004,-1.09804986E-7,-3.6379788E-12
30215.285,-432.88004,-1.0992257E-7,-3.6379788E-12
30247.598,-432.88004,-1.1004012E-7,-3.6379788E-12
30279.95,-432.88004,-1.1015781E-7,-3.6379788E-12
30312.271,-432.88004,-1.102754E-7,-3.6379788E-12
30344.62,-432.88004,-1.1039308E-7,-3.6379788E-12
30376.898,-432.88004,-1.1051051E-7,-3.6379788E-12
30409.193,-432.88004,-1.10628E-7,-3.6379788E-12
30441.525,-432.88004,-1.10745624E-7,-3.6379788E-12
30473.844,-432.88004,-1.108632E-7,-3.6379788E-12
30506.168,-432.88004,-1.1098079E-7,-3.6379788E-12
30538.477,-432.88004,-1.1109833E-7,-3.6379788E-12
30570.816,-432.88004,-1.1121598E-7,-3.6379788E-12
30603.133,-432.88004,-1.1133355E-7,-3.6379788E-12
30635.432,-432.88004,-1.1145105E-7,-3.6379788E-12
30667.771,-432.88004,-1.115687E-7,-3.6379788E-12
30700.146,-432.88004,-1.1168648E-7,-3.6379788E-12
30732.55,-432.88004,-1.1180437E-7,-3.6379788E-12
30764.998,-432.88004,-1.1192241E-7,-3.6379788E-12
30797.354,-432.88004,-1.1204012E-7,-3.6379788E-12
30829.695,-432.88004,-1.1215778E-7,-3.6379788E-12
30862.09,-432.88004,-1.1227563E-7,-3.6379788E-12
30894.404,-432.88004,-1.1239319E-7,-3.6379788E-12
30926.707,-432.88004,-1.12510705E-7,-3.6379788E-12
30959.035,-432.88004,-1.12628314E-7,-3.6379788E-12
30991.348,-432.88004,-1.12745866E-7,-3.6379788E-12
31023.69,-432.88004,-1.12863525E-7,-3.6379788E-12
31056.049,-432.88004,-1.1298125E-7,-3.6379788E-12
31088.385,-432.88004,-1.13098885E-7,-3.6379788E-12
31120.742,-432.88004,-1.132166E-7,-3.6379788E-12
31153.125,-432.88004,-1.1333441E-7,-3.6379788E-12
31185.557,-432.88004,-1.13452394E-7,-3.6379788E-12
31218.01,-432.88004,-1.1357046E-7,-3.6379788E-12
31250.531,-432.88004,-1.1368877E-7,-3.6379788E-12
31283.062,-432.88004,-1.1380712E-7,-3.6379788E-12
31315.62,-432.88004,-1.1392556E-7,-3.6379788E-12
31348.158,-432.88004,-1.14043935E-7,-3.6379788E-12
31380.686,-432.88004,-1.1416227E-7,-3.6379788E-12
31413.266,-432.88004,-1.14280795E-7,-3.6379788E-12
31445.824,-432.88004,-1.1439924E-7,-3.6379788E-12
31478.375,-432.88004,-1.1451766E-7,-3.6379788E-12
31510.918,-432.88004,-1.1463605E-7,-3.6379788E-12
31543.436,-432.88004,-1.1475435E-7,-3.6379788E-12
31575.979,-432.88004,-1.1487274E-7,-3.6379788E-12
31608.527,-432.88004,-1.1499115E-7,-3.6379788E-12
31641.076,-432.88004,-1.15109565E-7,-3.6379788E-12
31673.64,-432.88004,-1.1522803E-7,-3.6379788E-12
31706.195,-432.88004,-1.1534647E-7,-3.6379788E-12
31738.727,-432.88004,-1.15464815E-7,-3.6379788E-12
31771.28,-432.88004,-1.1558324E-7,-3.6379788E-12
31803.816,-432.88004,-1.1570161E-7,-3.6379788E-12
31836.38,-432.88004,-1.1582008E-7,-3.6379788E-12
31868.924,-432.88004,-1.1593847E-7,-3.6379788E-12
31901.438,-432.88004,-1.1605675E-7,-3.6379788E-12
31933.898,-432.88004,-1.16174846E-7,-3.6379788E-12
31966.445,-432.88004,-1.1629325E-7,-3.6379788E-12
31998.982,-432.88004,-1.1641162E-7,-3.6379788E-12
32031.525,-432.88004,-1.1653001E-7,-3.6379788E-12
32064.05,-432.88004,-1.1664834E-7,-3.6379788E-12
32096.562,-432.88004,-1.16766614E-7,-3.6379788E-12
32129.156,-432.88004,-1.1688519E-7,-3.6379788E-12
32161.809,-432.88004,-1.1700398E-7,-3.6379788E-12
32194.447,-432.88004,-1.1712272E-7,-3.6379788E-12
32227.127,-432.88004,-1.17241605E-7,-3.6379788E-12
32259.816,-432.88004,-1.1736053E-7,-3.6379788E-12
32292.496,-432.88004,-1.17479416E-7,-3.6379788E-12
32325.123,-432.88004,-1.1759811E-7,-3.6379788E-12
32357.758,-432.88004,-1.1771684E-7,-3.6379788E-12
32390.361,-432.88004,-1.1783545E-7,-3.6379788E-12
32423.033,-432.88004,-1.1795431E-7,-3.6379788E-12
32455.69,-432.88004,-1.1807311E-7,-3.6379788E-12
32488.25,-432.88004,-1.18191565E-7,-3.6379788E-12
32520.799,-432.88004,-1.1830998E-7,-3.6379788E-12
32553.33,-432.88004,-1.18428325E-7,-3.6379788E-12
32585.863,-432.88004,-1.1854668E-7,-3.6379788E-12
32618.463,-432.88004,-1.1866528E-7,-3.6379788E-12
32651.053,-432.88004,-1.1878384E-7,-3.6379788E-12
32683.703,-432.88004,-1.1890262E-7,-3.6379788E-12
32716.426,-432.88004,-1.19021664E-7,-3.6379788E-12
32749.139,-432.88004,-1.1914067E-7,-3.6379788E-12
32781.824,-432.88004,-1.1925958E-7,-3.6379788E-12
32814.457,-432.88004,-1.193783E-7,-3.6379788E-12
32847.176,-432.88004,-1.1949733E-7,-3.6379788E-12
32879.84,-432.88004,-1.1961616E-7,-3.6379788E-12
32912.47,-432.88004,-1.1973486E-7,-3.6379788E-12
32945.07,-432.88004,-1.1985347E-7,-3.6379788E-12
32977.65,-432.88004,-1.1997199E-7,-3.6379788E-12
33010.203,-432.88004,-1.2009042E-7,-3.6379788E-12
33042.777,-432.88004,-1.2020892E-7,-3.6379788E-12
33075.312,-432.88004,-1.2032729E-7,-3.6379788E-12
33107.82,-432.88004,-1.2044555E-7,-3.6379788E-12
33140.316,-432.88004,-1.2056377E-7,-3.6379788E-12
33172.82,-432.88004,-1.2068202E-7,-3.6379788E-12
33205.305,-432.88004,-1.208002E-7,-3.6379788E-12
33237.797,-432.88004,-1.209184E-7,-3.6379788E-12
33270.312,-432.88004,-1.2103669E-7,-3.6379788E-12
33302.797,-432.88004,-1.2115487E-7,-3.6379788E-12
33335.35,-432.88004,-1.212733E-7,-3.6379788E-12
33367.887,-432.88004,-1.2139166E-7,-3.6379788E-12
33400.47,-432.88004,-1.215102E-7,-3.6379788E-12
33433.01,-432.88004,-1.2162859E-7,-3.6379788E-12
33465.543,-432.88004,-1.2174694E-7,-3.6379788E-12
33498.066,-432.88004,-1.2186526E-7,-3.6379788E-12
33530.65,-432.88004,-1.2198379E-7,-3.6379788E-12
33563.215,-432.88004,-1.2210226E-7,-3.6379788E-12
33595.773,-432.88004,-1.2222071E-7,-3.6379788E-12
33628.36,-432.88004,-1.2233926E-7,-3.6379788E-12
33660.953,-432.88004,-1.2245783E-7,-3.6379788E-12
33693.57,-432.88004,-1.225765E-7,-3.6379788E-12
33726.14,-432.88004,-1.2269498E-7,-3.6379788E-12
33758.684,-432.88004,-1.2281338E-7,-3.6379788E-12
33791.21,-432.88004,-1.2293171E-7,-3.6379788E-12
33823.75,-432.88004,-1.2305009E-7,-3.6379788E-12
33856.35,-432.88004,-1.2316869E-7,-3.6379788E-12
33888.87,-432.88004,-1.23287E-7,-3.6379788E-12
33921.406,-432.88004,-1.2340536E-7,-3.6379788E-12
33953.977,-432.88004,-1.2352385E-7,-3.6379788E-12
33986.59,-432.88004,-1.236425E-7,-3.6379788E-12
34019.215,-432.88004,-1.2376118E-7,-3.6379788E-12
34051.844,-432.88004,-1.2387989E-7,-3.6379788E-12
34084.45,-432.88004,-1.239985E-7,-3.6379788E-12
34116.973,-432.88004,-1.2411682E-7,-3.6379788E-12
34149.453,-432.88004,-1.2423499E-7,-3.6379788E-12
34181.94,-432.88004,-1.2435318E-7,-3.6379788E-12
34214.383,-432.88004,-1.244712E-7,-3.6379788E-12
34246.895,-432.88004,-1.2458948E-7,-3.6379788E-12
34279.477,-432.88004,-1.2470801E-7,-3.6379788E-12
34312.035,-432.88004,-1.2482646E-7,-3.6379788E-12
34344.613,-432.88004,-1.2494498E-7,-3.6379788E-12
34377.21,-432.88004,-1.2506356E-7,-3.6379788E-12
34409.84,-432.88004,-1.2518227E-7,-3.6379788E-12
34442.508,-432.88004,-1.2530111E-7,-3.6379788E-12
34475.12,-432.88004,-1.2541976E-7,-3.6379788E-12
34507.754,-432.88004,-1.2553848E-7,-3.6379788E-12
34540.367,-432.88004,-1.2565712E-7,-3.6379788E-12
34572.99,-432.88004,-1.257758E-7,-3.6379788E-12
34605.6,-432.88004,-1.2589445E-7,-3.6379788E-12
34638.18,-432.88004,-1.2601296E-7,-3.6379788E-12
34670.777,-432.88004,-1.2613155E-7,-3.6379788E-12
34703.41,-432.88004,-1.2625027E-7,-3.6379788E-12
34736.016,-432.88004,-1.2636889E-7,-3.6379788E-12
34768.63,-432.88004,-1.2648754E-7,-3.6379788E-12
34801.25,-432.88004,-1.2660621E-7,-3.6379788E-12
34833.883,-432.88004,-1.2672493E-7,-3.6379788E-12
34866.54,-432.88004,-1.2684373E-7,-3.6379788E-12
34899.13,-432.88004,-1.2696229E-7,-3.6379788E-12
34931.766,-432.88004,-1.2708102E-7,-3.6379788E-12
34964.395,-432.88004,-1.2719973E-7,-3.6379788E-12
34997.055,-432.88004,-1.2731854E-7,-3.6379788E-12
35029.703,-432.88004,-1.2743732E-7,-3.6379788E-12
35062.344,-432.88004,-1.2755606E-7,-3.6379788E-12
35095.016,-432.88004,-1.2767492E-7,-3.6379788E-12
35127.703,-432.88004,-1.2779384E-7,-3.6379788E-12
35160.4,-432.88004,-1.2791278E-7,-3.6379788E-12
35193.01,-432.88004,-1.2803143E-7,-3.6379788E-12
35225.63,-432.88004,-1.2815009E-7,-3.6379788E-12
35258.18,-432.88004,-1.2826851E-7,-3.6379788E-12
35290.74,-432.88004,-1.2838696E-7,-3.6379788E-12
35323.348,-432.88004,-1.2850559E-7,-3.6379788E-12
35355.914,-432.88004,-1.2862407E-7,-3.6379788E-12
35388.55,-432.88004,-1.287428E-7,-3.6379788E-12
35421.258,-432.88004,-1.2886179E-7,-3.6379788E-12
35453.95,-432.88004,-1.2898072E-7,-3.6379788E-12
35486.63,-432.88004,-1.290996E-7,-3.6379788E-12
35519.33,-432.88004,-1.2921856E-7,-3.6379788E-12
35552.047,-432.88004,-1.293376E-7,-3.6379788E-12
35584.688,-432.88004,-1.2945634E-7,-3.6379788E-12
35617.297,-432.88004,-1.2957497E-7,-3.6379788E-12
35649.902,-432.88004,-1.2969359E-7,-3.6379788E-12
35682.47,-432.88004,-1.2981207E-7,-3.6379788E-12
35715.03,-432.88004,-1.2993053E-7,-3.6379788E-12
35747.496,-432.88004,-1.3004863E-7,-3.6379788E-12
35779.938,-432.88004,-1.3016665E-7,-3.6379788E-12
35812.387,-432.88004,-1.302847E-7,-3.6379788E-12
35844.87,-432.88004,-1.3040288E-7,-3.6379788E-12
35877.35,-432.88004,-1.3052104E-7,-3.6379788E-12
35909.867,-432.88004,-1.3063934E-7,-3.6379788E-12
35942.367,-432.88004,-1.3075757E-7,-3.6379788E-12
35974.836,-432.88004,-1.3087569E-7,-3.6379788E-12
36007.277,-432.88004,-1.3099371E-7,-3.6379788E-12
36039.68,-432.88004,-1.3111159E-7,-3.6379788E-12
36072.07,-432.88004,-1.3122943E-7,-3.6379788E-12
36104.49,-432.88004,-1.3134736E-7,-3.6379788E-12
36136.902,-432.88004,-1.3146528E-7,-3.6379788E-12
36169.348,-432.88004,-1.3158332E-7,-3.6379788E-12
36201.832,-432.88004,-1.317015E-7,-3.6379788E-12
36234.29,-432.88004,-1.3181958E-7,-3.6379788E-12
36266.777,-432.88004,-1.3193777E-7,-3.6379788E-12
36299.26,-432.88004,-1.3205594E-7,-3.6379788E-12
36331.766,-432.88004,-1.321742E-7,-3.6379788E-12
36364.246,-432.88004,-1.3229236E-7,-3.6379788E-12
36396.766,-432.88004,-1.3241066E-7,-3.6379788E-12
36429.344,-432.88004,-1.3252918E-7,-3.6379788E-12
36461.902,-432.88004,-1.3264763E-7,-3.6379788E-12
36494.473,-432.88004,-1.3276612E-7,-3.6379788E-12
36527.023,-432.88004,-1.3288454E-7,-3.6379788E-12
36559.594,-432.88004,-1.3300303E-7,-3.6379788E-12
36592.176,-432.88004,-1.3312156E-7,-3.6379788E-12
36624.78,-432.88004,-1.3324018E-7,-3.6379788E-12
36657.28,-432.88004,-1.3335841E-7,-3.6379788E-12
36689.758,-432.88004,-1.3347656E-7,-3.6379788E-12
36722.223,-432.88004,-1.3359467E-7,-3.6379788E-12
36754.684,-432.88004,-1.3371276E-7,-3.6379788E-12
36787.145,-432.88004,-1.3383085E-7,-3.6379788E-12
36819.684,-432.88004,-1.3394923E-7,-3.6379788E-12
36852.203,-432.88004,-1.3406753E-7,-3.6379788E-12
36884.74,-432.88004,-1.341859E-7,-3.6379788E-12
36917.285,-432.88004,-1.343043E-7,-3.6379788E-12
36949.855,-432.88004,-1.3442279E-7,-3.6379788E-12
36982.453,-432.88004,-1.3454138E-7,-3.6379788E-12
37015.01,-432.88004,-1.3465983E-7,-3.6379788E-12
37047.547,-432.88004,-1.3477819E-7,-3.6379788E-12
37080.0,-432.88004,-1.3489625E-7,-3.6379788E-12
37112.492,-432.88004,-1.3501446E-7,-3.6379788E-12
37144.957,-432.88004,-1.3513257E-7,-3.6379788E-12
37177.434,-432.88004,-1.3525072E-7,-3.6379788E-12
37209.89,-432.88004,-1.353688E-7,-3.6379788E-12
37242.387,-432.88004,-1.3548701E-7,-3.6379788E-12
37274.85,-432.88004,-1.3560512E-7,-3.6379788E-12
37307.3,-432.88004,-1.3572317E-7,-3.6379788E-12
37339.832,-432.88004,-1.3584152E-7,-3.6379788E-12
37372.367,-432.88004,-1.3595988E-7,-3.6379788E-12
37404.883,-432.88004,-1.3607817E-7,-3.6379788E-12
37437.414,-432.88004,-1.3619652E-7,-3.6379788E-12
37469.93,-432.88004,-1.3631481E-7,-3.6379788E-12
37502.473,-432.88004,-1.364332E-7,-3.6379788E-12
37535.082,-432.88004,-1.3655183E-7,-3.6379788E-12
37567.71,-432.88004,-1.3667054E-7,-3.6379788E-12
37600.34,-432.88004,-1.3678924E-7,-3.6379788E-12
37632.973,-432.88004,-1.3690796E-7,-3.6379788E-12
37665.547,-432.88004,-1.3702646E-7,-3.6379788E-12
37698.11,-432.88004,-1.3714492E-7,-3.6379788E-12
37730.676,-432.88004,-1.372634E-7,-3.6379788E-12
37763.19,-432.88004,-1.3738169E-7,-3.6379788E-12
37795.727,-432.88004,-1.3750005E-7,-3.6379788E-12
37828.24,-432.88004,-1.3761833E-7,-3.6379788E-12
37860.777,-432.88004,-1.377367E-7,-3.6379788E-12
37893.33,-432.88004,-1.3785512E-7,-3.6379788E-12
37925.887,-432.88004,-1.3797357E-7,-3.6379788E-12
37958.51,-432.88004,-1.3809226E-7,-3.6379788E-12
37991.156,-432.88004,-1.3821102E-7,-3.6379788E-12
38023.81,-432.88004,-1.3832981E-7,-3.6379788E-12
38056.484,-432.88004,-1.3844868E-7,-3.6379788E-12
38089.164,-432.88004,-1.3856757E-7,-3.6379788E-12
38121.83,-432.88004,-1.386864E-7,-3.6379788E-12
38154.492,-432.88004,-1.3880523E-7,-3.6379788E-12
38187.133,-432.88004,-1.3892398E-7,-3.6379788E-12
38219.79,-432.88004,-1.3904278E-7,-3.6379788E-12
38252.406,-432.88004,-1.3916144E-7,-3.6379788E-12
38285.004,-432.88004,-1.3928003E-7,-3.6379788E-12
38317.586,-432.88004,-1.3939857E-7,-3.6379788E-12
38350.227,-432.88004,-1.3951731E-7,-3.6379788E-12
38382.875,-432.88004,-1.3963609E-7,-3.6379788E-12
38415.52,-432.88004,-1.3975485E-7,-3.6379788E-12
38448.082,-432.88004,-1.3987331E-7,-3.6379788E-12
38480.656,-432.88004,-1.3999181E-7,-3.6379788E-12
38513.242,-432.88004,-1.4011036E-7,-3.6379788E-12
38545.85,-432.88004,-1.4022899E-7,-3.6379788E-12
38578.457,-432.88004,-1.4034761E-7,-3.6379788E-12
38611.125,-432.88004,-1.4046645E-7,-3.6379788E-12
38643.797,-432.88004,-1.4058531E-7,-3.6379788E-12
38676.49,-432.88004,-1.4070424E-7,-3.6379788E-12
38709.15,-432.88004,-1.4082306E-7,-3.6379788E-12
38741.81,-432.88004,-1.4094188E-7,-3.6379788E-12
38774.523,-432.88004,-1.410609E-7,-3.6379788E-12
38807.254,-432.88004,-1.4117997E-7,-3.6379788E-12
38839.906,-432.88004,-1.4129876E-7,-3.6379788E-12
38872.543,-432.88004,-1.4141749E-7,-3.6379788E-12
38905.215,-432.88004,-1.4153635E-7,-3.6379788E-12
38937.87,-432.88004,-1.4165515E-7,-3.6379788E-12
38970.535,-432.88004,-1.4177398E-7,-3.6379788E-12
39003.207,-432.88004,-1.4189284E-7,-3.6379788E-12
39035.855,-432.88004,-1.4201161E-7,-3.6379788E-12
39068.51,-432.88004,-1.4213042E-7,-3.6379788E-12
39101.184,-432.88004,-1.4224928E-7,-3.6379788E-12
39133.86,-432.88004,-1.4236815E-7,-3.6379788E-12
39166.543,-432.88004,-1.4248705E-7,-3.6379788E-12
39199.188,-432.88004,-1.4260581E-7,-3.6379788E-12
39231.848,-432.88004,-1.4272463E-7,-3.6379788E-12
39264.496,-432.88004,-1.428434E-7,-3.6379788E-12
39297.12,-432.88004,-1.429621E-7,-3.6379788E-12
39329.734,-432.88004,-1.4308074E-7,-3.6379788E-12
39362.387,-432.88004,-1.4319953E-7,-3.6379788E-12
39395.047,-432.88004,-1.4331835E-7,-3.6379788E-12
39427.72,-432.88004,-1.434372E-7,-3.6379788E-12
39460.367,-432.88004,-1.4355598E-7,-3.6379788E-12
39492.977,-432.88004,-1.4367461E-7,-3.6379788E-12
39525.574,-432.88004,-1.437932E-7,-3.6379788E-12
39558.234,-432.88004,-1.4391202E-7,-3.6379788E-12
39590.797,-432.88004,-1.4403048E-7,-3.6379788E-12
39623.297,-432.88004,-1.4414871E-7,-3.6379788E-12
39655.86,-432.88004,-1.4426718E-7,-3.6379788E-12
39688.4,-432.88004,-1.4438555E-7,-3.6379788E-12
39720.926,-432.88004,-1.4450389E-7,-3.6379788E-12
39753.51,-432.88004,-1.4462243E-7,-3.6379788E-12
39786.074,-432.88004,-1.447409E-7,-3.6379788E-12
39818.594,-432.88004,-1.448592E-7,-3.6379788E-12
39851.15,-432.88004,-1.4497763E-7,-3.6379788E-12
39883.69,-432.88004,-1.4509602E-7,-3.6379788E-12
39916.258,-432.88004,-1.452145E-7,-3.6379788E-12
39948.836,-432.88004,-1.4533302E-7,-3.6379788E-12
39981.426,-432.88004,-1.4545158E-7,-3.6379788E-12
40014.004,-432.88004,-1.455701E-7,-3.6379788E-12
40046.58,-432.88004,-1.456886E-7,-3.6379788E-12
40079.125,-432.88004,-1.4580701E-7,-3.6379788E-12
40111.69,-432.88004,-1.4592548E-7,-3.6379788E-12
40144.273,-432.88004,-1.4604402E-7,-3.6379788E-12
40176.848,-432.88004,-1.4616252E-7,-3.6379788E-12
40209.45,-432.88004,-1.4628112E-7,-3.6379788E-12
40242.08,-432.88004,-1.4639983E-7,-3.6379788E-12
40274.695,-432.88004,-1.4651849E-7,-3.6379788E-12
40307.336,-432.88004,-1.4663723E-7,-3.6379788E-12
40339.96,-432.88004,-1.4675592E-7,-3.6379788E-12
40372.504,-432.88004,-1.4687431E-7,-3.6379788E-12
40405.06,-432.88004,-1.4699275E-7,-3.6379788E-12
40437.63,-432.88004,-1.4711124E-7,-3.6379788E-12
40470.215,-432.88004,-1.4722978E-7,-3.6379788E-12
40502.84,-432.88004,-1.4734847E-7,-3.6379788E-12
40535.46,-432.88004,-1.4746715E-7,-3.6379788E-12
40568.1,-432.88004,-1.475859E-7,-3.6379788E-12
40600.73,-432.88004,-1.477046E-7,-3.6379788E-12
40633.344,-432.88004,-1.4782324E-7,-3.6379788E-12
40665.92,-432.88004,-1.4794176E-7,-3.6379788E-12
40698.46,-432.88004,-1.4806014E-7,-3.6379788E-12
40731.023,-432.88004,-1.481786E-7,-3.6379788E-12
40763.555,-432.88004,-1.4829695E-7,-3.6379788E-12
40796.016,-432.88004,-1.4841504E-7,-3.6379788E-12
40828.496,-432.88004,-1.485332E-7,-3.6379788E-12
40860.973,-432.88004,-1.4865135E-7,-3.6379788E-12
40893.465,-432.88004,-1.4876956E-7,-3.6379788E-12
40926.016,-432.88004,-1.4888798E-7,-3.6379788E-12
40958.598,-432.88004,-1.4900651E-7,-3.6379788E-12
40991.17,-432.88004,-1.4912501E-7,-3.6379788E-12
41023.8,-432.88004,-1.4924372E-7,-3.6379788E-12
41056.43,-432.88004,-1.4936242E-7,-3.6379788E-12
41089.09,-432.88004,-1.4948124E-7,-3.6379788E-12
41121.754,-432.88004,-1.4960007E-7,-3.6379788E-12
41154.383,-432.88004,-1.4971877E-7,-3.6379788E-12
41186.98,-432.88004,-1.4983736E-7,-3.6379788E-12
41219.598,-432.88004,-1.4995602E-7,-3.6379788E-12
41252.133,-432.88004,-1.5007438E-7,-3.6379788E-12
41284.66,-432.88004,-1.5019272E-7,-3.6379788E-12
41317.25,-432.88004,-1.5031128E-7,-3.6379788E-12
41349.86,-432.88004,-1.5042991E-7,-3.6379788E-12
41382.375,-432.88004,-1.505482E-7,-3.6379788E-12
41414.984,-432.88004,-1.5066684E-7,-3.6379788E-12
41447.633,-432.88004,-1.5078561E-7,-3.6379788E-12
41480.332,-432.88004,-1.5090457E-7,-3.6379788E-12
41513.004,-432.88004,-1.5102343E-7,-3.6379788E-12
41545.688,-432.88004,-1.5114233E-7,-3.6379788E-12
41578.39,-432.88004,-1.512613E-7,-3.6379788E-12
41611.008,-432.88004,-1.5137996E-7,-3.6379788E-12
41643.676,-432.88004,-1.5149881E-7,-3.6379788E-12
41676.312,-432.88004,-1.5161754E-7,-3.6379788E-12
41708.992,-432.88004,-1.5173643E-7,-3.6379788E-12
41741.62,-432.88004,-1.5185513E-7,-3.6379788E-12
41774.152,-432.88004,-1.5197348E-7,-3.6379788E-12
41806.664,-432.88004,-1.5209176E-7,-3.6379788E-12
41839.207,-432.88004,-1.5221015E-7,-3.6379788E-12
41871.715,-432.88004,-1.5232841E-7,-3.6379788E-12
41904.203,-432.88004,-1.524466E-7,-3.6379788E-12
41936.676,-432.88004,-1.5256474E-7,-3.6379788E-12
41969.08,-432.88004,-1.5268262E-7,-3.6379788E-12
42001.51,-432.88004,-1.5280061E-7,-3.6379788E-12
42033.96,-432.88004,-1.5291866E-7,-3.6379788E-12
42066.426,-432.88004,-1.5303677E-7,-3.6379788E-12
42098.824,-432.88004,-1.5315463E-7,-3.6379788E-12
42131.203,-432.88004,-1.5327242E-7,-3.6379788E-12
42163.6,-432.88004,-1.5339029E-7,-3.6379788E-12
42196.02,-432.88004,-1.5350822E-7,-3.6379788E-12
42228.457,-432.88004,-1.5362623E-7,-3.6379788E-12
42260.887,-432.88004,-1.5374421E-7,-3.6379788E-12
42293.348,-432.88004,-1.538623E-7,-3.6379788E-12
42325.78,-432.88004,-1.539803E-7,-3.6379788E-12
42358.31,-432.88004,-1.5409863E-7,-3.6379788E-12
42390.93,-432.88004,-1.542173E-7,-3.6379788E-12
42423.43,-432.88004,-1.5433554E-7,-3.6379788E-12
42455.945,-432.88004,-1.5445383E-7,-3.6379788E-12
42488.496,-432.88004,-1.5457225E-7,-3.6379788E-12
42521.09,-432.88004,-1.5469082E-7,-3.6379788E-12
42553.65,-432.88004,-1.5480927E-7,-3.6379788E-12
42586.234,-432.88004,-1.5492782E-7,-3.6379788E-12
42618.75,-432.88004,-1.5504611E-7,-3.6379788E-12
42651.324,-432.88004,-1.5516461E-7,-3.6379788E-12
42683.918,-432.88004,-1.5528319E-7,-3.6379788E-12
42716.52,-432.88004,-1.5540179E-7,-3.6379788E-12
42749.13,-432.88004,-1.5552042E-7,-3.6379788E-12
42781.71,-432.88004,-1.5563896E-7,-3.6379788E-12
42814.316,-432.88004,-1.5575758E-7,-3.6379788E-12
42847.0,-432.88004,-1.5587648E-7,-3.6379788E-12
42879.676,-432.88004,-1.5599535E-7,-3.6379788E-12
42912.316,-432.88004,-1.561141E-7,-3.6379788E-12
42945.016,-432.88004,-1.5623306E-7,-3.6379788E-12
42977.723,-432.88004,-1.5635204E-7,-3.6379788E-12
43010.402,-432.88004,-1.5647093E-7,-3.6379788E-12
43043.09,-432.88004,-1.5658985E-7,-3.6379788E-12
43075.785,-432.88004,-1.567088E-7,-3.6379788E-12
43108.49,-432.88004,-1.5682777E-7,-3.6379788E-12
43141.164,-432.88004,-1.5694664E-7,-3.6379788E-12
43173.824,-432.88004,-1.5706546E-7,-3.6379788E-12
43206.46,-432.88004,-1.5718419E-7,-3.6379788E-12
43239.094,-432.88004,-1.573029E-7,-3.6379788E-12
43271.71,-432.88004,-1.5742157E-7,-3.6379788E-12
43304.332,-432.88004,-1.5754024E-7,-3.6379788E-12
43336.977,-432.88004,-1.57659E-7,-3.6379788E-12
43369.61,-432.88004,-1.5777772E-7,-3.6379788E-12
43402.18,-432.88004,-1.5789621E-7,-3.6379788E-12
43434.68,-432.88004,-1.5801444E-7,-3.6379788E-12
43467.23,-432.88004,-1.5813286E-7,-3.6379788E-12
43499.793,-432.88004,-1.5825132E-7,-3.6379788E-12
43532.4,-432.88004,-1.5836994E-7,-3.6379788E-12
43565.055,-432.88004,-1.5848875E-7,-3.6379788E-12
43597.676,-432.88004,-1.5860742E-7,-3.6379788E-12
43630.33,-432.88004,-1.5872621E-7,-3.6379788E-12
43663.074,-432.88004,-1.5884534E-7,-3.6379788E-12
43695.785,-432.88004,-1.5896434E-7,-3.6379788E-12
43728.508,-432.88004,-1.5908338E-7,-3.6379788E-12
43761.23,-432.88004,-1.5920243E-7,-3.6379788E-12
43793.918,-432.88004,-1.5932135E-7,-3.6379788E-12
43826.617,-432.88004,-1.594403E-7,-3.6379788E-12
43859.324,-432.88004,-1.5955929E-7,-3.6379788E-12
43892.008,-432.88004,-1.596782E-7,-3.6379788E-12
43924.676,-432.88004,-1.5979704E-7,-3.6379788E-12
43957.33,-432.88004,-1.5991583E-7,-3.6379788E-12
43989.984,-432.88004,-1.6003463E-7,-3.6379788E-12
44022.688,-432.88004,-1.601536E-7,-3.6379788E-12
44055.492,-432.88004,-1.6027295E-7,-3.6379788E-12
44088.305,-432.88004,-1.6039232E-7,-3.6379788E-12
44121.11,-432.88004,-1.6051166E-7,-3.6379788E-12
44153.984,-432.88004,-1.6063126E-7,-3.6379788E-12
44186.867,-432.88004,-1.6075089E-7,-3.6379788E-12
44219.746,-432.88004,-1.608705E-7,-3.6379788E-12
44252.684,-432.88004,-1.6099033E-7,-3.6379788E-12
44285.58,-432.88004,-1.6111E-7,-3.6379788E-12
44318.49,-432.88004,-1.6122972E-7,-3.6379788E-12
44351.387,-432.88004,-1.613494E-7,-3.6379788E-12
44384.184,-432.88004,-1.6146872E-7,-3.6379788E-12
44416.91,-432.88004,-1.6158778E-7,-3.6379788E-12
44449.64,-432.88004,-1.6170685E-7,-3.6379788E-12
44482.367,-432.88004,-1.6182591E-7,-3.6379788E-12
44515.066,-432.88004,-1.6194487E-7,-3.6379788E-12
44547.754,-432.88004,-1.6206378E-7,-3.6379788E-12
44580.42,-432.88004,-1.6218263E-7,-3.6379788E-12
44613.062,-432.88004,-1.6230138E-7,-3.6379788E-12
44645.73,-432.88004,-1.6242022E-7,-3.6379788E-12
44678.42,-432.88004,-1.6253915E-7,-3.6379788E-12
44711.117,-432.88004,-1.626581E-7,-3.6379788E-12
44743.844,-432.88004,-1.6277716E-7,-3.6379788E-12
44776.496,-432.88004,-1.6289594E-7,-3.6379788E-12
44809.133,-432.88004,-1.6301468E-7,-3.6379788E-12
44841.785,-432.88004,-1.6313346E-7,-3.6379788E-12
44874.42,-432.88004,-1.632522E-7,-3.6379788E-12
44907.03,-432.88004,-1.6337083E-7,-3.6379788E-12
44939.703,-432.88004,-1.6348969E-7,-3.6379788E-12
44972.355,-432.88004,-1.6360848E-7,-3.6379788E-12
45005.027,-432.88004,-1.6372734E-7,-3.6379788E-12
45037.707,-432.88004,-1.6384622E-7,-3.6379788E-12
45070.293,-432.88004,-1.6396477E-7,-3.6379788E-12
45102.883,-432.88004,-1.6408333E-7,-3.6379788E-12
45135.53,-432.88004,-1.642021E-7,-3.6379788E-12
45168.09,-432.88004,-1.6432055E-7,-3.6379788E-12
45200.65,-432.88004,-1.64439E-7,-3.6379788E-12
45233.207,-432.88004,-1.6455745E-7,-3.6379788E-12
45265.7,-432.88004,-1.6467565E-7,-3.6379788E-12
45298.176,-432.88004,-1.647938E-7,-3.6379788E-12
45330.668,-432.88004,-1.6491201E-7,-3.6379788E-12
45363.15,-432.88004,-1.6503017E-7,-3.6379788E-12
45395.61,-432.88004,-1.6514826E-7,-3.6379788E-12
45428.117,-432.88004,-1.6526653E-7,-3.6379788E-12
45460.605,-432.88004,-1.6538472E-7,-3.6379788E-12
45493.184,-432.88004,-1.6550324E-7,-3.6379788E-12
45525.863,-432.88004,-1.6562213E-7,-3.6379788E-12
45558.45,-432.88004,-1.6574067E-7,-3.6379788E-12
45591.043,-432.88004,-1.6585925E-7,-3.6379788E-12
45623.62,-432.88004,-1.6597777E-7,-3.6379788E-12
45656.22,-432.88004,-1.6609636E-7,-3.6379788E-12
45688.785,-432.88004,-1.6621483E-7,-3.6379788E-12
45721.31,-432.88004,-1.6633315E-7,-3.6379788E-12
45753.87,-432.88004,-1.6645161E-7,-3.6379788E-12
45786.457,-432.88004,-1.6657016E-7,-3.6379788E-12
45819.062,-432.88004,-1.6668878E-7,-3.6379788E-12
45851.668,-432.88004,-1.668074E-7,-3.6379788E-12
45884.25,-432.88004,-1.6692593E-7,-3.6379788E-12
45916.844,-432.88004,-1.670445E-7,-3.6379788E-12
45949.4,-432.88004,-1.6716294E-7,-3.6379788E-12
45981.938,-432.88004,-1.6728131E-7,-3.6379788E-12
46014.47,-432.88004,-1.6739966E-7,-3.6379788E-12
46047.01,-432.88004,-1.6751805E-7,-3.6379788E-12
46079.535,-432.88004,-1.6763637E-7,-3.6379788E-12
46112.07,-432.88004,-1.6775473E-7,-3.6379788E-12
46144.63,-432.88004,-1.6787318E-7,-3.6379788E-12
46177.12,-432.88004,-1.6799139E-7,-3.6379788E-12
46209.68,-432.88004,-1.6810984E-7,-3.6379788E-12
46242.234,-432.88004,-1.6822827E-7,-3.6379788E-12
46274.777,-432.88004,-1.6834666E-7,-3.6379788E-12
46307.336,-432.88004,-1.684651E-7,-3.6379788E-12
46339.91,-432.88004,-1.6858361E-7,-3.6379788E-12
46372.453,-432.88004,-1.68702E-7,-3.6379788E-12
46404.973,-432.88004,-1.688203E-7,-3.6379788E-12
46437.523,-432.88004,-1.6893873E-7,-3.6379788E-12
46470.09,-432.88004,-1.690572E-7,-3.6379788E-12
46502.67,-432.88004,-1.6917573E-7,-3.6379788E-12
46535.215,-432.88004,-1.6929413E-7,-3.6379788E-12
46567.76,-432.88004,-1.6941253E-7,-3.6379788E-12
46600.305,-432.88004,-1.6953092E-7,-3.6379788E-12
46632.848,-432.88004,-1.6964931E-7,-3.6379788E-12
46665.37,-432.88004,-1.6976763E-7,-3.6379788E-12
46697.92,-432.88004,-1.6988605E-7,-3.6379788E-12
46730.523,-432.88004,-1.7000465E-7,-3.6379788E-12
46763.098,-432.88004,-1.7012316E-7,-3.6379788E-12
46795.72,-432.88004,-1.7024183E-7,-3.6379788E-12
46828.297,-432.88004,-1.7036035E-7,-3.6379788E-12
46860.848,-432.88004,-1.7047877E-7,-3.6379788E-12
46893.387,-432.88004,-1.7059715E-7,-3.6379788E-12
46925.9,-432.88004,-1.7071542E-7,-3.6379788E-12
46958.42,-432.88004,-1.7083374E-7,-3.6379788E-12
46991.086,-432.88004,-1.7095257E-7,-3.6379788E-12
47023.688,-432.88004,-1.7107118E-7,-3.6379788E-12
47056.285,-432.88004,-1.7118977E-7,-3.6379788E-12
47088.9,-432.88004,-1.7130841E-7,-3.6379788E-12
47121.52,-432.88004,-1.7142709E-7,-3.6379788E-12
47154.105,-432.88004,-1.7154564E-7,-3.6379788E-12
47186.656,-432.88004,-1.7166406E-7,-3.6379788E-12
47219.184,-432.88004,-1.7178239E-7,-3.6379788E-12
47251.734,-432.88004,-1.7190081E-7,-3.6379788E-12
47284.348,-432.88004,-1.7201945E-7,-3.6379788E-12
47316.934,-432.88004,-1.72138E-7,-3.6379788E-12
47349.523,-432.88004,-1.7225656E-7,-3.6379788E-12
47382.113,-432.88004,-1.7237512E-7,-3.6379788E-12
47414.656,-432.88004,-1.7249351E-7,-3.6379788E-12
47447.13,-432.88004,-1.7261165E-7,-3.6379788E-12
47479.668,-432.88004,-1.7273003E-7,-3.6379788E-12
47512.188,-432.88004,-1.7284833E-7,-3.6379788E-12
47544.676,-432.88004,-1.7296652E-7,-3.6379788E-12
47577.152,-432.88004,-1.7308467E-7,-3.6379788E-12
47609.652,-432.88004,-1.732029E-7,-3.6379788E-12
47642.16,-432.88004,-1.7332117E-7,-3.6379788E-12
47674.652,-432.88004,-1.7343937E-7,-3.6379788E-12
47707.168,-432.88004,-1.7355767E-7,-3.6379788E-12
47739.613,-432.88004,-1.736757E-7,-3.6379788E-12
47772.062,-432.88004,-1.7379375E-7,-3.6379788E-12
47804.516,-432.88004,-1.7391181E-7,-3.6379788E-12
47836.934,-432.88004,-1.7402975E-7,-3.6379788E-12
47869.355,-432.88004,-1.741477E-7,-3.6379788E-12
47901.754,-432.88004,-1.7426557E-7,-3.6379788E-12
47934.086,-432.88004,-1.7438319E-7,-3.6379788E-12
47966.492,-432.88004,-1.7450108E-7,-3.6379788E-12
47998.91,-432.88004,-1.7461902E-7,-3.6379788E-12
48031.277,-432.88004,-1.7473677E-7,-3.6379788E-12
48063.67,-432.88004,-1.7485462E-7,-3.6379788E-12
48096.062,-432.88004,-1.7497246E-7,-3.6379788E-12
48128.426,-432.88004,-1.750902E-7,-3.6379788E-12
48160.77,-432.88004,-1.7520786E-7,-3.6379788E-12
48193.098,-432.88004,-1.7532547E-7,-3.6379788E-12
48225.39,-432.88004,-1.7544295E-7,-3.6379788E-12
48257.727,-432.88004,-1.7556059E-7,-3.6379788E-12
48290.12,-432.88004,-1.7567844E-7,-3.6379788E-12
48322.44,-432.88004,-1.7579602E-7,-3.6379788E-12
48354.79,-432.88004,-1.759137E-7,-3.6379788E-12
48387.13,-432.88004,-1.7603135E-7,-3.6379788E-12
48419.45,-432.88004,-1.7614893E-7,-3.6379788E-12
48451.793,-432.88004,-1.762666E-7,-3.6379788E-12
48484.152,-432.88004,-1.7638432E-7,-3.6379788E-12
48516.54,-432.88004,-1.7650214E-7,-3.6379788E-12
48548.96,-432.88004,-1.7662009E-7,-3.6379788E-12
48581.438,-432.88004,-1.7673824E-7,-3.6379788E-12
48613.945,-432.88004,-1.768565E-7,-3.6379788E-12
48646.5,-432.88004,-1.7697494E-7,-3.6379788E-12
48678.953,-432.88004,-1.77093E-7,-3.6379788E-12
48711.332,-432.88004,-1.772108E-7,-3.6379788E-12
48743.72,-432.88004,-1.7732862E-7,-3.6379788E-12
48776.09,-432.88004,-1.7744638E-7,-3.6379788E-12
48808.492,-432.88004,-1.7756426E-7,-3.6379788E-12
48840.92,-432.88004,-1.7768224E-7,-3.6379788E-12
48873.33,-432.88004,-1.7780013E-7,-3.6379788E-12
48905.707,-432.88004,-1.7791793E-7,-3.6379788E-12
48938.094,-432.88004,-1.7803575E-7,-3.6379788E-12
48970.45,-432.88004,-1.7815346E-7,-3.6379788E-12
49002.832,-432.88004,-1.7827126E-7,-3.6379788E-12
49035.19,-432.88004,-1.7838899E-7,-3.6379788E-12
49067.574,-432.88004,-1.785068E-7,-3.6379788E-12
49100.035,-432.88004,-1.7862489E-7,-3.6379788E-12
49132.547,-432.88004,-1.7874316E-7,-3.6379788E-12
49165.016,-432.88004,-1.7886128E-7,-3.6379788E-12
49197.51,-432.88004,-1.789795E-7,-3.6379788E-12
49230.023,-432.88004,-1.7909778E-7,-3.6379788E-12
49262.566,-432.88004,-1.7921617E-7,-3.6379788E-12
49295.14,-432.88004,-1.7933468E-7,-3.6379788E-12
49327.754,-432.88004,-1.7945332E-7,-3.6379788E-12
49360.402,-432.88004,-1.795721E-7,-3.6379788E-12
49393.06,-432.88004,-1.796909E-7,-3.6379788E-12
49425.73,-432.88004,-1.7980976E-7,-3.6379788E-12
49458.36,-432.88004,-1.7992846E-7,-3.6379788E-12
49490.95,-432.88004,-1.8004702E-7,-3.6379788E-12
49523.58,-432.88004,-1.8016573E-7,-3.6379788E-12
49556.168,-432.88004,-1.8028429E-7,-3.6379788E-12
49588.73,-432.88004,-1.8040275E-7,-3.6379788E-12
49621.254,-432.88004,-1.8052107E-7,-3.6379788E-12
49653.74,-432.88004,-1.8063925E-7,-3.6379788E-12
49686.23,-432.88004,-1.8075745E-7,-3.6379788E-12
49718.703,-432.88004,-1.8087559E-7,-3.6379788E-12
49751.152,-432.88004,-1.8099364E-7,-3.6379788E-12
49783.57,-432.88004,-1.8111157E-7,-3.6379788E-12
49815.99,-432.88004,-1.8122951E-7,-3.6379788E-12
49848.42,-432.88004,-1.813475E-7,-3.6379788E-12
49880.867,-432.88004,-1.8146554E-7,-3.6379788E-12
49913.348,-432.88004,-1.815837E-7,-3.6379788E-12
49945.848,-432.88004,-1.8170194E-7,-3.6379788E-12
49978.332,-432.88004,-1.8182011E-7,-3.6379788E-12
50010.777,-432.88004,-1.8193815E-7,-3.6379788E-12
50043.21,-432.88004,-1.8205614E-7,-3.6379788E-12
50075.586,-432.88004,-1.8217392E-7,-3.6379788E-12
50108.03,-432.88004,-1.8229196E-7,-3.6379788E-12
50140.5,-432.88004,-1.8241008E-7,-3.6379788E-12
50172.99,-432.88004,-1.8252827E-7,-3.6379788E-12
50205.53,-432.88004,-1.8264666E-7,-3.6379788E-12
50238.11,-432.88004,-1.8276518E-7,-3.6379788E-12
50270.688,-432.88004,-1.828837E-7,-3.6379788E-12
50303.27,-432.88004,-1.8300223E-7,-3.6379788E-12
50335.84,-432.88004,-1.8312072E-7,-3.6379788E-12
50368.41,-432.88004,-1.8323921E-7,-3.6379788E-12
50400.99,-432.88004,-1.8335773E-7,-3.6379788E-12
50433.547,-432.88004,-1.8347617E-7,-3.6379788E-12
50466.125,-432.88004,-1.835947E-7,-3.6379788E-12
50498.65,-432.88004,-1.8371301E-7,-3.6379788E-12
50531.18,-432.88004,-1.8383136E-7,-3.6379788E-12
50563.72,-432.88004,-1.8394974E-7,-3.6379788E-12
50596.28,-432.88004,-1.840682E-7,-3.6379788E-12
50628.812,-432.88004,-1.8418655E-7,-3.6379788E-12
50661.39,-432.88004,-1.8430507E-7,-3.6379788E-12
50693.965,-432.88004,-1.8442357E-7,-3.6379788E-12
50726.496,-432.88004,-1.8454192E-7,-3.6379788E-12
50759.062,-432.88004,-1.846604E-7,-3.6379788E-12
50791.582,-432.88004,-1.847787E-7,-3.6379788E-12
50824.07,-432.88004,-1.8489689E-7,-3.6379788E-12
50856.516,-432.88004,-1.8501493E-7,-3.6379788E-12
50888.99,-432.88004,-1.8513306E-7,-3.6379788E-12
50921.465,-432.88004,-1.8525121E-7,-3.6379788E-12
50953.973,-432.88004,-1.8536947E-7,-3.6379788E-12
50986.406,-432.88004,-1.8548747E-7,-3.6379788E-12
51018.812,-432.88004,-1.8560536E-7,-3.6379788E-12
51051.26,-432.88004,-1.8572341E-7,-3.6379788E-12
51083.71,-432.88004,-1.8584146E-7,-3.6379788E-12
51116.164,-432.88004,-1.8595952E-7,-3.6379788E-12
51148.645,-432.88004,-1.8607768E-7,-3.6379788E-12
51181.14,-432.88004,-1.861959E-7,-3.6379788E-12
51213.617,-432.88004,-1.8631405E-7,-3.6379788E-12
51246.08,-432.88004,-1.8643215E-7,-3.6379788E-12
51278.55,-432.88004,-1.8655028E-7,-3.6379788E-12
51311.04,-432.88004,-1.8666847E-7,-3.6379788E-12
51343.51,-432.88004,-1.8678661E-7,-3.6379788E-12
51376.016,-432.88004,-1.8690486E-7,-3.6379788E-12
51408.44,-432.88004,-1.8702282E-7,-3.6379788E-12
51440.85,-432.88004,-1.8714073E-7,-3.6379788E-12
51473.273,-432.88004,-1.8725868E-7,-3.6379788E-12
51505.64,-432.88004,-1.8737643E-7,-3.6379788E-12
51538.086,-432.88004,-1.8749446E-7,-3.6379788E-12
51570.543,-432.88004,-1.8761254E-7,-3.6379788E-12
51602.93,-432.88004,-1.8773036E-7,-3.6379788E-12
51635.367,-432.88004,-1.8784837E-7,-3.6379788E-12
51667.785,-432.88004,-1.8796631E-7,-3.6379788E-12
51700.176,-432.88004,-1.8808414E-7,-3.6379788E-12
51732.54,-432.88004,-1.8820188E-7,-3.6379788E-12
51764.92,-432.88004,-1.8831969E-7,-3.6379788E-12
51797.324,-432.88004,-1.8843757E-7,-3.6379788E-12
51829.695,-432.88004,-1.8855533E-7,-3.6379788E-12
51862.1,-432.88004,-1.8867323E-7,-3.6379788E-12
51894.395,-432.88004,-1.8879071E-7,-3.6379788E-12
51926.727,-432.88004,-1.8890833E-7,-3.6379788E-12
51959.1,-432.88004,-1.8902611E-7,-3.6379788E-12
51991.504,-432.88004,-1.8914399E-7,-3.6379788E-12
52023.89,-432.88004,-1.8926181E-7,-3.6379788E-12
52056.32,-432.88004,-1.8937979E-7,-3.6379788E-12
52088.75,-432.88004,-1.8949777E-7,-3.6379788E-12
52121.168,-432.88004,-1.896157E-7,-3.6379788E-12
52153.62,-432.88004,-1.8973377E-7,-3.6379788E-12
52186.043,-432.88004,-1.8985172E-7,-3.6379788E-12
52218.453,-432.88004,-1.8996963E-7,-3.6379788E-12
52250.875,-432.88004,-1.9008758E-7,-3.6379788E-12
52283.293,-432.88004,-1.9020551E-7,-3.6379788E-12
52315.69,-432.88004,-1.9032338E-7,-3.6379788E-12
52348.11,-432.88004,-1.9044131E-7,-3.6379788E-12
52380.51,-432.88004,-1.9055919E-7,-3.6379788E-12
52412.996,-432.88004,-1.9067737E-7,-3.6379788E-12
52445.5,-432.88004,-1.9079562E-7,-3.6379788E-12
52478.008,-432.88004,-1.9091388E-7,-3.6379788E-12
52510.527,-432.88004,-1.9103219E-7,-3.6379788E-12
52543.082,-432.88004,-1.9115062E-7,-3.6379788E-12
52575.633,-432.88004,-1.9126904E-7,-3.6379788E-12
52608.164,-432.88004,-1.9138739E-7,-3.6379788E-12
52640.758,-432.88004,-1.9150596E-7,-3.6379788E-12
52673.37,-432.88004,-1.9162461E-7,-3.6379788E-12
52705.906,-432.88004,-1.9174297E-7,-3.6379788E-12
52738.465,-432.88004,-1.9186142E-7,-3.6379788E-12
52770.99,-432.88004,-1.9197974E-7,-3.6379788E-12
52803.523,-432.88004,-1.920981E-7,-3.6379788E-12
52836.09,-432.88004,-1.9221658E-7,-3.6379788E-12
52868.656,-432.88004,-1.9233505E-7,-3.6379788E-12
52901.19,-432.88004,-1.9245341E-7,-3.6379788E-12
52933.79,-432.88004,-1.92572E-7,-3.6379788E-12
52966.227,-432.88004,-1.9269001E-7,-3.6379788E-12
52998.652,-432.88004,-1.9280797E-7,-3.6379788E-12
53031.117,-432.88004,-1.9292608E-7,-3.6379788E-12
53063.527,-432.88004,-1.9304399E-7,-3.6379788E-12
53095.93,-432.88004,-1.9316187E-7,-3.6379788E-12
53128.344,-432.88004,-1.9327979E-7,-3.6379788E-12
53160.664,-432.88004,-1.9339737E-7,-3.6379788E-12
53193.023,-432.88004,-1.9351509E-7,-3.6379788E-12
53225.36,-432.88004,-1.9363273E-7,-3.6379788E-12
53257.594,-432.88004,-1.9375E-7,-3.6379788E-12
53289.9,-432.88004,-1.9386752E-7,-3.6379788E-12
53322.234,-432.88004,-1.9398516E-7,-3.6379788E-12
53354.645,-432.88004,-1.9410307E-7,-3.6379788E-12
53387.11,-432.88004,-1.9422117E-7,-3.6379788E-12
53419.55,-432.88004,-1.943392E-7,-3.6379788E-12
53451.914,-432.88004,-1.9445693E-7,-3.6379788E-12
53484.28,-432.88004,-1.9457468E-7,-3.6379788E-12
53516.63,-432.88004,-1.9469236E-7,-3.6379788E-12
53548.99,-432.88004,-1.9481008E-7,-3.6379788E-12
53581.34,-432.88004,-1.9492778E-7,-3.6379788E-12
53613.72,-432.88004,-1.9504557E-7,-3.6379788E-12
53646.086,-432.88004,-1.9516332E-7,-3.6379788E-12
53678.48,-432.88004,-1.9528117E-7,-3.6379788E-12
53710.89,-432.88004,-1.9539908E-7,-3.6379788E-12
53743.344,-432.88004,-1.9551715E-7,-3.6379788E-12
53775.812,-432.88004,-1.9563527E-7,-3.6379788E-12
53808.293,-432.88004,-1.9575343E-7,-3.6379788E-12
53840.797,-432.88004,-1.9587168E-7,-3.6379788E-12
53873.332,-432.88004,-1.9599004E-7,-3.6379788E-12
53905.883,-432.88004,-1.9610846E-7,-3.6379788E-12
53938.457,-432.88004,-1.9622696E-7,-3.6379788E-12
53970.99,-432.88004,-1.9634531E-7,-3.6379788E-12
54003.527,-432.88004,-1.9646369E-7,-3.6379788E-12
54036.188,-432.88004,-1.965825E-7,-3.6379788E-12
54068.86,-432.88004,-1.9670136E-7,-3.6379788E-12
54101.54,-432.88004,-1.9682025E-7,-3.6379788E-12
54134.195,-432.88004,-1.9693906E-7,-3.6379788E-12
54166.832,-432.88004,-1.9705779E-7,-3.6379788E-12
54199.477,-432.88004,-1.9717655E-7,-3.6379788E-12
54232.11,-432.88004,-1.9729526E-7,-3.6379788E-12
54264.793,-432.88004,-1.9741417E-7,-3.6379788E-12
54297.42,-432.88004,-1.9753287E-7,-3.6379788E-12
54330.043,-432.88004,-1.9765154E-7,-3.6379788E-12
54362.695,-432.88004,-1.9777033E-7,-3.6379788E-12
54395.312,-432.88004,-1.97889E-7,-3.6379788E-12
54427.992,-432.88004,-1.9800788E-7,-3.6379788E-12
54460.637,-432.88004,-1.9812664E-7,-3.6379788E-12
54493.305,-432.88004,-1.9824549E-7,-3.6379788E-12
54525.965,-432.88004,-1.983643E-7,-3.6379788E-12
54558.6,-432.88004,-1.9848304E-7,-3.6379788E-12
54591.254,-432.88004,-1.9860182E-7,-3.6379788E-12
54623.87,-432.88004,-1.9872049E-7,-3.6379788E-12
54656.402,-432.88004,-1.9883883E-7,-3.6379788E-12
54688.94,-432.88004,-1.9895721E-7,-3.6379788E-12
54721.508,-432.88004,-1.9907569E-7,-3.6379788E-12
54754.14,-432.88004,-1.991944E-7,-3.6379788E-12
54786.777,-432.88004,-1.9931313E-7,-3.6379788E-12
54819.367,-432.88004,-1.994317E-7,-3.6379788E-12
54851.97,-432.88004,-1.995503E-7,-3.6379788E-12
54884.55,-432.88004,-1.9966883E-7,-3.6379788E-12
54917.12,-432.88004,-1.9978732E-7,-3.6379788E-12
54949.613,-432.88004,-1.9990553E-7,-3.6379788E-12
54982.055,-432.88004,-2.0002355E-7,-3.6379788E-12
55014.465,-432.88004,-2.0014146E-7,-3.6379788E-12
55046.863,-432.88004,-2.0025932E-7,-3.6379788E-12
55079.24,-432.88004,-2.003771E-7,-3.6379788E-12
55111.707,-432.88004,-2.0049522E-7,-3.6379788E-12
55144.18,-432.88004,-2.0061336E-7,-3.6379788E-12
55176.633,-432.88004,-2.0073142E-7,-3.6379788E-12
55209.07,-432.88004,-2.0084943E-7,-3.6379788E-12
55241.53,-432.88004,-2.0096752E-7,-3.6379788E-12
55274.016,-432.88004,-2.010857E-7,-3.6379788E-12
55306.5,-432.88004,-2.0120387E-7,-3.6379788E-12
55339.0,-432.88004,-2.0132211E-7,-3.6379788E-12
55371.535,-432.88004,-2.0144047E-7,-3.6379788E-12
55404.09,-432.88004,-2.015589E-7,-3.6379788E-12
55436.652,-432.88004,-2.0167737E-7,-3.6379788E-12
55469.242,-432.88004,-2.0179593E-7,-3.6379788E-12
55501.844,-432.88004,-2.0191453E-7,-3.6379788E-12
55534.477,-432.88004,-2.0203325E-7,-3.6379788E-12
55567.125,-432.88004,-2.0215202E-7,-3.6379788E-12
55599.754,-432.88004,-2.0227073E-7,-3.6379788E-12
55632.367,-432.88004,-2.0238937E-7,-3.6379788E-12
55664.918,-432.88004,-2.0250779E-7,-3.6379788E-12
55697.42,-432.88004,-2.0262604E-7,-3.6379788E-12
55729.97,-432.88004,-2.0274445E-7,-3.6379788E-12
55762.484,-432.88004,-2.0286274E-7,-3.6379788E-12
55794.984,-432.88004,-2.0298097E-7,-3.6379788E-12
55827.516,-432.88004,-2.0309932E-7,-3.6379788E-12
55860.047,-432.88004,-2.0321767E-7,-3.6379788E-12
55892.652,-432.88004,-2.0333628E-7,-3.6379788E-12
55925.31,-432.88004,-2.0345509E-7,-3.6379788E-12
55957.96,-432.88004,-2.0357388E-7,-3.6379788E-12
55990.66,-432.88004,-2.0369284E-7,-3.6379788E-12
56023.367,-432.88004,-2.0381182E-7,-3.6379788E-12
56056.1,-432.88004,-2.0393091E-7,-3.6379788E-12
56088.91,-432.88004,-2.0405027E-7,-3.6379788E-12
56121.71,-432.88004,-2.041696E-7,-3.6379788E-12
56154.48,-432.88004,-2.0428881E-7,-3.6379788E-12
56187.164,-432.88004,-2.0440771E-7,-3.6379788E-12
56219.824,-432.88004,-2.0452653E-7,-3.6379788E-12
56252.47,-432.88004,-2.0464529E-7,-3.6379788E-12
56285.168,-432.88004,-2.0476425E-7,-3.6379788E-12
56317.86,-432.88004,-2.0488318E-7,-3.6379788E-12
56350.574,-432.88004,-2.050022E-7,-3.6379788E-12
56383.27,-432.88004,-2.0512114E-7,-3.6379788E-12
56415.957,-432.88004,-2.0524006E-7,-3.6379788E-12
56448.63,-432.88004,-2.0535892E-7,-3.6379788E-12
56481.266,-432.88004,-2.0547765E-7,-3.6379788E-12
56513.855,-432.88004,-2.0559621E-7,-3.6379788E-12
56546.434,-432.88004,-2.0571473E-7,-3.6379788E-12
56579.027,-432.88004,-2.058333E-7,-3.6379788E-12
56611.64,-432.88004,-2.0595195E-7,-3.6379788E-12
56644.25,-432.88004,-2.0607058E-7,-3.6379788E-12
56676.977,-432.88004,-2.0618964E-7,-3.6379788E-12
56709.715,-432.88004,-2.0630874E-7,-3.6379788E-12
56742.414,-432.88004,-2.064277E-7,-3.6379788E-12
56775.13,-432.88004,-2.0654672E-7,-3.6379788E-12
56807.844,-432.88004,-2.0666573E-7,-3.6379788E-12
56840.566,-432.88004,-2.0678478E-7,-3.6379788E-12
56873.29,-432.88004,-2.0690382E-7,-3.6379788E-12
56905.98,-432.88004,-2.0702275E-7,-3.6379788E-12
56938.69,-432.88004,-2.0714175E-7,-3.6379788E-12
56971.37,-432.88004,-2.0726064E-7,-3.6379788E-12
57004.062,-432.88004,-2.0737957E-7,-3.6379788E-12
57036.79,-432.88004,-2.0749863E-7,-3.6379788E-12
57069.504,-432.88004,-2.0761765E-7,-3.6379788E-12
57102.18,-432.88004,-2.0773652E-7,-3.6379788E-12
57134.83,-432.88004,-2.078553E-7,-3.6379788E-12
57167.434,-432.88004,-2.0797391E-7,-3.6379788E-12
57200.004,-432.88004,-2.080924E-7,-3.6379788E-12
57232.562,-432.88004,-2.0821085E-7,-3.6379788E-12
57265.094,-432.88004,-2.083292E-7,-3.6379788E-12
57297.65,-432.88004,-2.0844763E-7,-3.6379788E-12
57330.184,-432.88004,-2.08566E-7,-3.6379788E-12
57362.715,-432.88004,-2.0868434E-7,-3.6379788E-12
57395.25,-432.88004,-2.088027E-7,-3.6379788E-12
57427.76,-432.88004,-2.0892098E-7,-3.6379788E-12
57460.297,-432.88004,-2.0903934E-7,-3.6379788E-12
5